timestamp,air_temperature_01209E52_avg,air_temperature_01209E52_max,air_temperature_01209E52_min,dew_point_01209E52_avg,dew_point_01209E52_min,vpd_01209E52_avg,vpd_01209E52_min,relative_humidity_01209E52_avg,relative_humidity_01209E52_max,relative_humidity_01209E52_min,precipitation_01209E52_sum,deltaT_01209E52_avg,deltaT_01209E52_max,deltaT_01209E52_min
2021-09-14 10:00:00,14.95,15.74,14.01,10.7,10.4,0.39,0.31,76.34,80.51,72.66,0,2,3,2
2021-09-14 09:00:00,13.4,14.03,12.55,10.6,10.4,0.24,0.17,83.62,88.2,80.05,0,2,2,1
2021-09-14 08:00:00,10.74,12.4,9.27,10.2,9.2,0.03,0,96.98,100,90.43,0,0,1,0
2021-09-14 07:00:00,8.55,9.3,8.19,8.4,8.1,0,0,99.99,100,99.99,0,0,0,0
2021-09-14 06:00:00,8.75,9.09,8.33,8.6,8.3,0,0,99.82,100,99.23,0,0,0,0
2021-09-14 05:00:00,9.99,10.61,9.43,9.7,9.1,0.01,0,98.78,100,97.58,0,0,0,0
2021-09-14 04:00:00,10.92,11.63,10.4,10.5,10.1,0.02,0,97.62,99.61,94.78,0,0,0,0
2021-09-14 03:00:00,12.46,12.71,12.06,11.2,10.7,0.09,0.07,92.81,94.71,91.34,0,1,1,0
2021-09-14 02:00:00,12.34,12.49,12.17,11.2,10.9,0.08,0.06,93.46,95.31,92.34,0,0,1,0
2021-09-14 01:00:00,11.97,12.31,11.32,10.7,10.5,0.1,0.06,92.33,95.06,89.39,0,1,1,0
2021-09-14 00:00:00,11.43,12.07,11.02,10.1,10,0.1,0.07,92.18,94.28,87.75,0,1,1,0
2021-09-13 23:00:00,13.07,14.49,12.15,10.1,9.8,0.26,0.17,82.55,87.71,74.05,0,2,3,1
2021-09-13 22:00:00,14.81,15.23,14.65,9.7,9.7,0.46,0.44,72.12,73.18,69.71,0,3,3,3
2021-09-13 21:00:00,16.15,16.77,15.4,9.3,8.9,0.65,0.54,64.17,68.88,60.15,0,4,4,3
2021-09-13 20:00:00,17.47,18.18,16.9,9.2,9,0.81,0.76,58.88,60.09,57.04,0,5,5,4
2021-09-13 19:00:00,19.15,19.88,18.3,9,8.4,1.06,0.92,52.03,56.13,47.86,0,6,6,5
2021-09-13 18:00:00,20.58,21.22,20.1,9.2,8.7,1.24,1.19,48.32,49.8,46.23,0,6,7,6
2021-09-13 17:00:00,20.73,21.57,19.96,9.5,9,1.25,1.14,48.71,50.97,45.17,0,6,7,6
2021-09-13 16:00:00,21.42,22.12,20.3,9.6,9.1,1.34,1.16,47.31,51.82,44.93,0,7,7,6
2021-09-13 15:00:00,20.98,21.53,19.84,10.1,9.5,1.23,1.05,50.2,54.39,46.39,0,6,7,5
2021-09-13 14:00:00,20.72,21.65,19.77,10.5,10,1.16,1.04,52.4,55.31,48.34,0,6,7,5
2021-09-13 13:00:00,20.25,20.69,19.46,10.6,10,1.08,0.95,54.05,57.84,51.69,0,6,6,5
2021-09-13 12:00:00,19.51,20.18,18.7,10.9,10.1,0.95,0.86,57.69,60.84,53.18,0,5,6,5
2021-09-13 11:00:00,18.3,19.08,17.18,11.8,11.2,0.7,0.56,66.45,71.11,61.42,0,4,4,3
2021-09-13 10:00:00,16.66,17.73,15.75,12.3,11.7,0.45,0.32,76.07,81.89,69.42,0,3,3,2
2021-09-13 09:00:00,14.71,15.75,13.65,12.4,12,0.21,0.15,86.67,90.21,82.33,0,1,2,1
2021-09-13 08:00:00,12.69,13.47,12.04,11.5,11.3,0.1,0.06,92.8,95.31,90.07,0,1,1,0
2021-09-13 07:00:00,12.42,12.99,11.77,11.4,11.1,0.08,0.04,93.9,96.77,92.32,0,0,1,0
2021-09-13 06:00:00,12.84,13.02,12.42,11.3,11,0.13,0.1,90.87,93.04,88.38,0,1,1,1
2021-09-13 05:00:00,12.1,12.73,11.36,11.6,11.1,0.03,0,97.14,100,92.57,0,0,1,0
2021-09-13 04:00:00,13.45,14.44,12.81,12.4,12.1,0.08,0.03,94.09,97.45,89.9,0,0,1,0
2021-09-13 03:00:00,14.17,14.45,13.9,12.9,12.7,0.11,0.06,92.39,96.14,90.49,0,1,1,0
2021-09-13 02:00:00,14.68,15.46,14.16,13.5,13.1,0.11,0.06,92.96,95.74,87.5,0,1,1,0
2021-09-13 01:00:00,15.76,16.01,15.54,12.9,12.2,0.28,0.22,83.59,87.35,78.72,0,2,2,1
2021-09-13 00:00:00,15.35,15.91,14.92,13.1,12.9,0.22,0.17,87,89.53,83.21,0,1,2,1
2021-09-12 23:00:00,15.2,15.61,14.93,12.7,12.5,0.24,0.19,85.75,88.66,82.33,0,1,2,1
2021-09-12 22:00:00,15.83,16.47,15.5,13.1,12.3,0.27,0.22,84.16,87.1,79.88,0,2,2,1
2021-09-12 21:00:00,17.38,18.26,16.32,12.1,11.1,0.56,0.31,71.84,83.05,63.88,0,3,4,2
2021-09-12 20:00:00,17.76,18.42,17.41,11.4,11.1,0.67,0.6,66.67,69.37,62.63,0,4,4,3
2021-09-12 19:00:00,20.29,21.83,18.38,10.8,10.5,1.08,0.79,54.71,62.53,50.69,0,5,6,4
2021-09-12 18:00:00,21.53,21.91,21.02,10.7,10.5,1.27,1.21,50.38,51.3,48.41,0,6,7,6
2021-09-12 17:00:00,21.52,21.86,21.08,10.7,10.2,1.26,1.2,50.37,52.21,47.97,0,6,7,6
2021-09-12 16:00:00,21.58,22.17,21.12,10.8,10.4,1.26,1.2,50.75,52.29,48.41,0,6,7,6
2021-09-12 15:00:00,21.86,22.31,21.4,11.1,10.5,1.28,1.21,50.67,53.65,48.54,0,6,7,6
2021-09-12 14:00:00,21.03,21.97,19.84,11.5,10.3,1.12,0.9,54.97,61.37,48.57,0,6,7,5
2021-09-12 13:00:00,20.67,21.22,19.94,11.6,11.4,1.05,0.95,56.56,59.34,54.95,0,5,5,5
2021-09-12 12:00:00,20.1,21.4,19.17,13.7,12.1,0.76,0.57,67.42,74.64,57.36,0,4,5,3
2021-09-12 11:00:00,18.63,19.17,18.21,14.5,14.1,0.48,0.44,77.21,79.33,74.76,0,3,3,2
2021-09-12 10:00:00,18.22,18.78,17.82,14.7,14.4,0.4,0.35,80.57,83.05,77.49,0,2,3,2
2021-09-12 09:00:00,17.72,18.13,17.42,15.1,14.5,0.3,0.21,84.98,89.73,81.61,0,2,2,1
2021-09-12 08:00:00,18.11,18.22,17.86,17.1,16.6,0.11,0.11,94.19,94.7,92.68,0,1,1,1
2021-09-12 07:00:00,17.97,18.2,17.83,17,16.9,0.11,0.09,94.32,95.44,92.78,0,1,1,0
2021-09-12 06:00:00,18.37,18.61,18.16,16.9,16.9,0.16,0.14,91.91,93.28,90.55,0,1,1,1
2021-09-12 05:00:00,18.04,18.12,17.95,17,16.9,0.12,0.1,93.86,94.71,93.4,0,1,1,1
2021-09-12 04:00:00,18.21,18.37,18.01,16.9,16.8,0.14,0.11,92.74,94.48,91.23,0,1,1,1
2021-09-12 03:00:00,20.05,21.93,18.36,15.6,14.2,0.56,0.18,76.57,91.44,61.54,0,3,5,1
2021-09-12 02:00:00,21.13,22.04,20.06,14,13.8,0.89,0.68,64.41,70.99,60.34,0,4,5,3
2021-09-12 01:00:00,19.88,20.08,19.75,14.9,14.7,0.61,0.56,73.56,75.34,71.71,0,3,3,3
2021-09-12 00:00:00,20.18,20.41,19.91,14.7,14.4,0.67,0.59,71.16,74.32,69.28,0,3,4,3
2021-09-11 23:00:00,20.34,20.45,20.2,13.9,13.8,0.78,0.74,67.05,68.55,66.06,0,4,4,4
2021-09-11 22:00:00,20.73,20.95,20.43,13.8,13.8,0.85,0.8,64.9,66.3,63.73,0,4,4,4
2021-09-11 21:00:00,20.99,21.4,20.7,13.6,13.5,0.91,0.86,63.05,64.51,61.63,0,4,5,4
2021-09-11 20:00:00,21.6,22.16,21.28,13.9,13.8,0.97,0.91,62.12,63.97,60.42,0,5,5,4
2021-09-11 19:00:00,22.68,22.83,22.25,14.2,14.1,1.12,1.06,59.1,60.31,58.61,0,5,5,5
2021-09-11 18:00:00,23.24,24.01,22.81,14,13.8,1.24,1.13,56.33,59.14,53.74,0,6,6,5
2021-09-11 17:00:00,24.12,24.75,23.56,14.1,13.9,1.37,1.24,53.94,57.07,52.02,0,6,6,6
2021-09-11 16:00:00,23.65,24.4,22.43,14.8,14.5,1.21,1.01,58.18,62.76,54.1,0,5,6,5
2021-09-11 15:00:00,23.2,23.81,22.51,14.8,14.4,1.14,1.01,59.45,62.9,55.96,0,5,6,5
2021-09-11 14:00:00,21.72,22.36,20.67,13.8,12.7,1,0.94,61.26,63.17,59.12,0,5,5,5
2021-09-11 13:00:00,19.64,20.06,19.39,11.7,10.9,0.9,0.82,60.44,63.78,56.96,0,5,5,4
2021-09-11 12:00:00,20.18,20.63,19.82,11.1,10.8,1.03,0.97,56.15,57.77,54.33,0,5,5,5
2021-09-11 11:00:00,19.41,20.03,18.7,12.2,11.2,0.81,0.64,63.7,69.99,58.82,0,4,5,3
2021-09-11 10:00:00,17.52,18.65,16.66,13,12.6,0.49,0.39,75.24,79.39,68.84,0,3,4,2
2021-09-11 09:00:00,14.64,16.3,13.03,12.3,11.7,0.22,0.12,86.63,91.99,81.69,0,1,2,1
2021-09-11 08:00:00,10.96,12.65,9.52,10.6,9.5,0.02,0,97.93,100,92.8,0,0,1,0
2021-09-11 07:00:00,9.34,9.65,9.07,9.2,9,0,0,99.95,100,99.56,0,0,0,0
2021-09-11 06:00:00,9.91,10.38,9.5,9.7,9.4,0,0,98.94,100,96.64,0,0,0,0
2021-09-11 05:00:00,12.02,12.47,10.66,10.5,9.8,0.12,0.06,91.06,94.85,89.28,0,1,1,0
2021-09-11 04:00:00,11.48,12.11,10.95,10.2,10,0.09,0.06,92.49,95.12,88.57,0,1,1,0
2021-09-11 03:00:00,12.73,13.17,12.17,10.7,10.5,0.17,0.14,87.97,89.67,85.37,0,1,1,1
2021-09-11 02:00:00,13.64,14.46,13.21,11.1,10.6,0.22,0.18,85.12,88.08,79.42,0,1,2,1
2021-09-11 01:00:00,14.44,14.6,14.23,10.5,10.3,0.35,0.32,77.9,80.24,75.82,0,2,2,2
2021-09-11 00:00:00,14.99,15.87,14.12,9.8,8.9,0.47,0.32,71.92,79.83,63.68,0,3,4,2
2021-09-10 23:00:00,15.55,15.93,15.09,9,8.7,0.6,0.53,65.56,69.05,62.62,0,4,4,3
2021-09-10 22:00:00,15.38,16.06,15.05,9.1,8.7,0.58,0.53,66.59,68.97,64.08,0,3,4,3
2021-09-10 21:00:00,16.35,16.77,15.92,8.8,8.4,0.71,0.62,61.35,65.19,58.11,0,4,5,4
2021-09-10 20:00:00,16.82,17.35,16.25,8.1,7.5,0.82,0.73,56.84,60.45,52.56,0,5,5,4
2021-09-10 19:00:00,18.34,19.23,17.46,8.4,7.5,0.99,0.86,52.72,56.73,48.79,0,5,6,5
2021-09-10 18:00:00,18.69,19.56,18.26,8.2,7.8,1.05,0.96,50.79,54.11,47.58,0,6,6,5
2021-09-10 17:00:00,20.2,20.9,19.5,8,7.5,1.28,1.22,45.57,47.77,43.67,0,7,7,6
2021-09-10 16:00:00,20.67,21.27,19.87,8.1,7.7,1.34,1.22,44.59,47.31,42.83,0,7,7,6
2021-09-10 15:00:00,20.1,20.41,19.75,8,7.5,1.26,1.21,45.96,47.91,43.72,0,7,7,6
2021-09-10 14:00:00,19.11,19.65,18.53,8.4,7.7,1.09,0.97,50.21,55.12,47.69,0,6,6,5
2021-09-10 13:00:00,17.94,18.95,17,9,8.5,0.89,0.77,56.31,59.84,53.32,0,5,5,4
2021-09-10 12:00:00,16.57,17.1,15.89,9.6,9.1,0.67,0.6,63.92,67.54,61.02,0,4,4,3
2021-09-10 11:00:00,15.68,16.14,15.23,9.4,8.6,0.58,0.51,66.73,71,63.1,0,3,4,3
2021-09-10 10:00:00,14.78,15.47,13.45,9.6,9,0.47,0.33,71.4,78.36,65.59,0,3,4,2
2021-09-10 09:00:00,12.64,13.24,12.39,10.7,10.1,0.16,0.14,88.51,90.03,83.16,0,1,2,1
2021-09-10 08:00:00,12.19,13.04,11.19,10.7,10.6,0.12,0.03,91.41,97.59,85.83,0,1,1,0
2021-09-10 07:00:00,11.48,11.77,11.11,11.1,10.8,0.02,0.02,97.79,98.24,97.05,0,0,0,0
2021-09-10 06:00:00,12.34,13.45,11.62,11.5,11.2,0.06,0.02,95,98.03,88.18,0,0,1,0
2021-09-10 05:00:00,13.53,13.66,13.42,12,11.5,0.13,0.11,90.86,92.29,87.87,0,1,1,1
2021-09-10 04:00:00,13.25,13.58,12.8,12,11.9,0.1,0.07,92.7,94.59,91.36,0,1,1,0
2021-09-10 03:00:00,12.56,12.85,12.43,11.7,11.6,0.06,0.05,95.12,95.88,94.46,0,0,0,0
2021-09-10 02:00:00,12.88,13.62,12.44,11.7,11.5,0.1,0.07,92.79,94.6,89.35,0,1,1,0
2021-09-10 01:00:00,14.26,14.48,13.77,11.9,11.8,0.22,0.17,86.08,89,84.71,0,1,2,1
2021-09-10 00:00:00,14.65,15.01,14.25,12.3,11.9,0.22,0.2,86.02,87.55,83.89,0,1,2,1
2021-09-09 23:00:00,14.85,15.55,14.59,12.5,11.9,0.23,0.19,86.2,88.45,79.3,0,1,2,1
2021-09-09 22:00:00,15.9,16.33,15.44,12.2,11.9,0.37,0.35,79.11,79.87,78.03,0,2,2,2
2021-09-09 21:00:00,16.51,16.85,16.13,13,12.5,0.36,0.33,80.51,82.08,78.13,0,2,2,2
2021-09-09 20:00:00,17.42,17.75,17.03,13.9,13.1,0.38,0.35,80.13,82.25,77.94,0,2,2,2
2021-09-09 19:00:00,18.53,19.31,17.84,14.8,14.3,0.43,0.36,79.44,82.11,77.15,0,2,3,2
2021-09-09 18:00:00,19.1,19.41,18.81,15.5,15.2,0.43,0.4,80.14,81.84,78.56,0,2,2,2
2021-09-09 17:00:00,19.37,20.32,18.97,16.2,14.8,0.39,0.21,82.44,90.24,70.85,0,2,3,1
2021-09-09 16:00:00,21.58,22.69,20.62,14.9,14.4,0.86,0.72,66.19,70.34,61.78,0,4,5,4
2021-09-09 15:00:00,22.61,23.64,22.22,13.9,12.9,1.14,0.95,58.17,64.63,52.99,0,5,6,4
2021-09-09 14:00:00,20.95,21.93,19.03,15.1,14,0.75,0.48,69.64,77.92,61.27,0,4,5,3
2021-09-09 13:00:00,21.07,22.52,20.16,14.6,14.2,0.82,0.69,66.94,70.61,60.17,0,4,5,3
2021-09-09 12:00:00,20.58,21.17,20.06,14.4,13.8,0.76,0.69,68.26,70.66,65.32,0,4,4,3
2021-09-09 11:00:00,19.43,20.32,18.47,15.2,14.3,0.51,0.4,76.88,81.27,70.4,0,3,3,2
2021-09-09 10:00:00,17.31,18.36,15.89,15.2,14.6,0.23,0.07,88.01,95.78,82.46,0,1,2,0
2021-09-09 09:00:00,14.39,15.4,13.84,14.2,13.8,0,0,99.52,100,96.13,0,0,0,0
2021-09-09 08:00:00,13.14,13.96,12.25,13,12.2,0,0,99.98,99.99,99.98,0,0,0,0
2021-09-09 07:00:00,11.8,12.29,11.38,11.7,11.3,0,0,99.98,99.99,99.98,0,0,0,0
2021-09-09 06:00:00,12.78,13.66,11.93,12.7,11.9,0,0,99.99,99.99,99.99,0,0,0,0
2021-09-09 05:00:00,13.18,13.81,12.22,13.1,12.2,0,0,99.99,99.99,99.99,0,0,0,0
2021-09-09 04:00:00,13.83,14.26,13.52,13.7,13.5,0,0,99.99,100,99.99,0,0,0,0
2021-09-09 03:00:00,15.05,15.93,14.39,14.6,14.3,0.03,0,98.08,100,95.26,0,0,0,0
2021-09-09 02:00:00,15.74,15.83,15.67,15.5,15.5,0,0,99.22,99.66,98.69,0,0,0,0
2021-09-09 01:00:00,16.4,16.91,15.78,16.1,15.5,0.01,0.01,98.76,99.37,97.5,0,0,0,0
2021-09-09 00:00:00,16,17.03,14.68,15.9,14.6,0,0,99.93,100,99.31,0,0,0,0
2021-09-08 23:00:00,15.34,16.02,14.85,14.9,14.8,0.03,0,97.97,100,94.97,0,0,0,0
2021-09-08 22:00:00,18.2,20.14,16.2,16.3,15.3,0.22,0.09,89.37,94.75,83.04,0,1,2,0
2021-09-08 21:00:00,19.83,20.1,19.6,17.3,16.9,0.31,0.28,85.93,87.52,84.35,0,2,2,1
2021-09-08 20:00:00,20.98,21.86,20.3,17.5,17.2,0.47,0.34,80.85,85.32,75.26,0,2,3,2
2021-09-08 19:00:00,23.16,23.82,22.19,16.6,15.9,0.93,0.71,67.02,73.23,61.5,0,4,5,3
2021-09-08 18:00:00,24.01,24.33,23.85,15.9,15.8,1.16,1.14,61.02,61.89,59.78,0,5,5,5
2021-09-08 17:00:00,24.45,24.77,24.18,16.1,15.6,1.21,1.16,60.05,62.05,58.59,0,5,5,5
2021-09-08 16:00:00,23.95,24.49,22.95,16.5,16,1.08,0.88,63.42,69.01,60.93,0,5,5,4
2021-09-08 15:00:00,22.87,23.54,21.79,17,16.6,0.83,0.61,70.14,76.29,66.35,0,4,4,3
2021-09-08 14:00:00,21.01,21.56,20.67,17.7,17.5,0.44,0.38,81.84,84.17,78.49,0,2,3,2
2021-09-08 13:00:00,19.83,20.99,19.13,17.9,17.7,0.24,0.17,89.25,92.08,83.74,0,1,2,1
2021-09-08 12:00:00,18.42,19.12,17.86,17.4,17.1,0.11,0.07,94.54,96.35,92.03,0,1,1,0
2021-09-08 11:00:00,17.41,17.99,17.14,17.1,16.8,0.02,0.01,98.36,99.29,97.31,0,0,0,0
2021-09-08 10:00:00,17.14,17.33,16.86,16.7,16.6,0.03,0.01,97.7,98.97,96.96,0,0,0,0
2021-09-08 09:00:00,16.57,16.83,16.48,16.5,16.4,0,0,99.88,100,99.23,0,0,0,0
2021-09-08 08:00:00,16.53,16.63,16.44,16.4,16.4,0,0,99.99,99.99,99.99,0,0,0,0
2021-09-08 07:00:00,16.4,16.43,16.36,16.3,16.3,0,0,99.99,99.99,99.99,0,0,0,0
2021-09-08 06:00:00,16.57,16.74,16.43,16.5,16.4,0,0,99.99,99.99,99.99,0,0,0,0
2021-09-08 05:00:00,16.73,16.79,16.65,16.6,16.6,0,0,100,100,100,0,0,0,0
2021-09-08 04:00:00,16.34,16.58,16.18,16.2,16.1,0,0,99.99,100,99.99,0,0,0,0
2021-09-08 03:00:00,16.05,16.18,15.93,15.9,15.7,0,0,99.52,100,98.54,0,0,0,0
2021-09-08 02:00:00,16.47,17.51,15.88,15.4,15,0.11,0.02,93.96,98.4,85.6,0,1,2,0
2021-09-08 01:00:00,18.15,18.36,18.02,13.9,13.6,0.48,0.4,76.73,80.46,74.35,0,3,3,2
2021-09-08 00:00:00,17.75,17.97,17.47,13.5,13.4,0.47,0.43,76.55,78.06,74.95,0,3,3,2
2021-09-07 23:00:00,17.2,17.41,17.04,13.4,13.3,0.4,0.38,78.86,80.28,77.05,0,2,2,2
2021-09-07 22:00:00,17.22,17.49,16.76,13.1,13,0.44,0.37,77.25,80.28,75.97,0,2,3,2
2021-09-07 21:00:00,18.05,19.47,16.95,13.7,13.2,0.49,0.38,76.03,79.94,70.11,0,3,3,2
2021-09-07 20:00:00,20.34,21.24,19.65,13.9,13.7,0.78,0.68,66.84,70,63.18,0,4,4,3
2021-09-07 19:00:00,22.16,22.56,21.55,13,12.4,1.15,0.98,56.51,61.89,53.44,0,5,6,5
2021-09-07 18:00:00,22.81,23.58,22.18,12.1,11.1,1.35,1.22,51.26,54.33,46.95,0,6,7,6
2021-09-07 17:00:00,22.65,23.25,22.28,11.8,11.3,1.35,1.3,50.5,51.49,49.21,0,6,7,6
2021-09-07 16:00:00,22.55,23.55,21.66,11.9,11.3,1.33,1.23,51.17,53.68,48.66,0,6,7,6
2021-09-07 15:00:00,22.07,22.33,21.53,11.3,11,1.29,1.2,50.85,52.95,49.85,0,6,6,6
2021-09-07 14:00:00,21.18,22.17,19.94,12.1,11.5,1.08,0.84,56.68,63.91,51.65,0,5,6,4
2021-09-07 13:00:00,20.2,21.04,19.55,12.9,11.9,0.86,0.69,63.47,69.46,59.42,0,4,5,4
2021-09-07 12:00:00,19.01,20.1,18.19,12.6,10.9,0.72,0.61,66.65,70.88,59.65,0,4,5,3
2021-09-07 11:00:00,17.22,17.83,16.84,13.7,12.8,0.38,0.27,80.14,85.72,74.74,0,2,3,2
2021-09-07 10:00:00,16.23,16.85,15.51,14,13.7,0.23,0.17,87.03,90.29,82.18,0,1,2,1
2021-09-07 09:00:00,14.6,15.28,13.78,13.5,13.3,0.09,0.04,94,96.97,91.6,0,1,1,0
2021-09-07 08:00:00,12.71,13.59,12.09,12.5,12,0.01,0,99.23,100,97.27,0,0,0,0
2021-09-07 07:00:00,12.11,12.24,12,12,11.9,0,0,99.99,100,99.99,0,0,0,0
2021-09-07 06:00:00,12.63,12.96,12.26,12.4,12.2,0.01,0,98.92,100,97.85,0,0,0,0
2021-09-07 05:00:00,12.54,12.7,12.37,12.4,12.3,0,0,99.8,100,99.05,0,0,0,0
2021-09-07 04:00:00,13.01,13.26,12.69,12.7,12.5,0.01,0,98.44,100,97.48,0,0,0,0
2021-09-07 03:00:00,13.35,13.62,13.19,13,12.8,0.01,0,98.64,99.37,98.1,0,0,0,0
2021-09-07 02:00:00,13.68,14,13.39,13.3,13.2,0.02,0,97.93,99.42,96.51,0,0,0,0
2021-09-07 01:00:00,13.22,13.69,12.34,13.1,12.3,0,0,99.8,100,98.72,0,0,0,0
2021-09-07 00:00:00,13.71,14.37,12.9,13.4,12.8,0.01,0,98.77,100,96.81,0,0,0,0
2021-09-06 23:00:00,14.79,15.39,14,14,13.7,0.06,0.01,95.67,99.18,92.51,0,0,1,0
2021-09-06 22:00:00,15.38,16.6,14.72,14.6,14.2,0.07,0.03,95.51,98.01,85.84,0,0,1,0
2021-09-06 21:00:00,17,17.33,16.69,12.8,12.7,0.44,0.37,76.64,80.03,74.43,0,3,3,2
2021-09-06 20:00:00,17.84,18.81,17.25,12.5,12.2,0.58,0.5,71.18,74.54,67.71,0,3,4,3
2021-09-06 19:00:00,19.78,20.06,19.28,12.6,12.2,0.83,0.77,63.48,65.17,62.2,0,4,4,4
2021-09-06 18:00:00,20.43,21.1,19.87,12.7,12.1,0.91,0.85,61.5,64.16,58.52,0,5,5,4
2021-09-06 17:00:00,21,21.74,20.41,12.3,11.6,1.03,0.93,58.05,61.63,56.43,0,5,5,5
2021-09-06 16:00:00,20.54,21.33,19.83,12.6,11.6,0.94,0.84,60.67,64.06,58.1,0,5,5,4
2021-09-06 15:00:00,19.89,20.64,18.87,14,12.6,0.7,0.42,69.57,80.48,62.63,0,4,4,2
2021-09-06 14:00:00,17.89,19.03,16.87,14.5,12.9,0.37,0.31,81.2,84.67,76.27,0,2,3,2
2021-09-06 13:00:00,18.18,19.68,16.58,13.1,12.1,0.56,0.33,73.11,82.15,66.44,0,3,4,2
2021-09-06 12:00:00,19,19.31,18.69,13.8,13.6,0.6,0.56,72.39,74.26,70.79,0,3,3,3
2021-09-06 11:00:00,18.3,18.91,17.98,14,13.6,0.49,0.37,76.47,81.6,74.55,0,3,3,2
2021-09-06 10:00:00,17.45,17.92,16.7,15.1,14.6,0.25,0.15,86.96,92.21,81.23,0,1,2,1
2021-09-06 09:00:00,16.58,16.72,16.42,15.1,15,0.15,0.14,91.53,92.48,90.76,0,1,1,1
2021-09-06 08:00:00,14.83,16.36,13.28,14.3,13.2,0.04,0,97.16,100,91.53,0,0,1,0
2021-09-06 07:00:00,13.49,14.54,13.11,13.2,13,0.01,0,98.76,100,95.46,0,0,0,0
2021-09-06 06:00:00,14.49,14.71,14.17,13.8,13.6,0.05,0.03,96.4,98.06,95.05,0,0,0,0
2021-09-06 05:00:00,14.38,14.88,13.84,13.6,13.2,0.06,0.04,95.95,96.99,94.45,0,0,0,0
2021-09-06 04:00:00,14.14,14.83,13.61,13.4,13.1,0.06,0.03,95.71,97.79,92.92,0,0,1,0
2021-09-06 03:00:00,15.07,15.96,14.6,13.8,13.6,0.12,0.08,92.67,94.84,87.86,0,1,1,0
2021-09-06 02:00:00,14.45,15.05,14.18,13.7,13.6,0.06,0.05,95.82,96.82,93.23,0,0,1,0
2021-09-06 01:00:00,16.19,16.76,15.6,14.2,14.1,0.2,0.14,88.44,91.81,85.36,0,1,2,1
2021-09-06 00:00:00,15.95,16.54,15.21,14,13.7,0.2,0.12,88.82,93,85.58,0,1,2,1
2021-09-05 23:00:00,16.63,17.47,16.01,14.4,14.1,0.23,0.17,87.34,90.77,82.34,0,1,2,1
2021-09-05 22:00:00,18.38,19.58,16.99,14.6,14.4,0.44,0.24,79.25,87.55,72.11,0,2,3,1
2021-09-05 21:00:00,20.61,21.16,19.87,13.7,13.3,0.84,0.67,64.99,70.89,62.14,0,4,5,3
2021-09-05 20:00:00,20.88,21.73,19.89,13.8,13.5,0.87,0.68,64.37,70.57,60.31,0,4,5,3
2021-09-05 19:00:00,23.26,23.92,22.35,13.1,12.8,1.32,1.16,53.31,56.84,50.85,0,6,7,5
2021-09-05 18:00:00,24.39,24.66,24.06,13.3,12.2,1.51,1.35,50.17,56.11,46.42,0,7,7,6
2021-09-05 17:00:00,23.93,24.51,23.22,17,16.1,1.02,0.89,65.44,68.5,62.19,0,4,5,4
2021-09-05 16:00:00,23.45,24.1,23.04,17.7,17.3,0.85,0.76,70.39,73.38,66.66,0,4,4,3
2021-09-05 15:00:00,21.57,22.61,20.27,18.3,17.8,0.45,0.32,82.2,86.16,77.2,0,2,3,2
2021-09-05 14:00:00,19.19,19.97,18.81,17.6,17.4,0.19,0.16,91.12,92.24,88.57,0,1,1,1
2021-09-05 13:00:00,18.59,19.07,18.13,17.6,17.3,0.11,0.07,94.29,96.35,92.36,0,1,1,0
2021-09-05 12:00:00,20.25,20.67,19.5,16.6,16.1,0.46,0.25,80.27,88.95,75.49,0,2,3,1
2021-09-05 11:00:00,19.31,20.01,18.67,17.1,16.8,0.27,0.21,87.38,90.16,83.86,0,1,2,1
2021-09-05 10:00:00,18.03,18.73,17.39,16.1,16,0.21,0.15,89.26,92.37,86.14,0,1,2,1
2021-09-05 09:00:00,17,17.4,16.46,16.3,16.1,0.07,0,96.09,99.5,92.97,0,0,1,0
2021-09-05 08:00:00,15.92,16.32,15.62,15.8,15.6,0,0,99.83,100,99.48,0,0,0,0
2021-09-05 07:00:00,15.62,15.68,15.55,15.5,15.5,0,0,99.93,100,99.69,0,0,0,0
2021-09-05 06:00:00,15.58,15.77,15.41,15.4,15.4,0,0,99.75,100,98.97,0,0,0,0
2021-09-05 05:00:00,15.95,16.12,15.72,15.2,15.1,0.07,0.02,95.89,98.51,93.92,0,0,1,0
2021-09-05 04:00:00,16.53,16.96,16.14,14.8,14.6,0.18,0.13,89.86,92.76,86.16,0,1,1,1
2021-09-05 03:00:00,17.33,17.57,17,14.5,14.5,0.31,0.27,83.8,85.86,82.36,0,2,2,2
2021-09-05 02:00:00,17.29,17.5,17.16,14.4,14.4,0.31,0.3,83.93,84.41,82.96,0,2,2,2
2021-09-05 01:00:00,17.54,17.89,17.33,14.7,14.5,0.31,0.26,83.87,86.65,82.13,0,2,2,1
2021-09-05 00:00:00,18.28,18.53,18.05,13.9,13.7,0.49,0.41,76.12,79.93,73.93,0,3,3,2
2021-09-04 23:00:00,18.95,19.27,18.57,13.5,13.3,0.63,0.56,70.94,73.71,68.92,0,3,4,3
2021-09-04 22:00:00,19.49,19.87,19.24,13.1,13,0.74,0.69,67.05,68.89,65.23,0,4,4,4
2021-09-04 21:00:00,20.16,20.38,19.74,12.7,12.5,0.88,0.79,62.55,65.48,61,0,4,5,4
2021-09-04 20:00:00,20.53,20.66,20.43,11.2,10.8,1.07,1.01,55.35,58.33,53.35,0,5,6,5
2021-09-04 19:00:00,22.72,24.12,20.74,10.9,10.3,1.44,1.11,47.83,54.61,41.84,0,7,8,6
2021-09-04 18:00:00,24.4,24.68,24.01,10.2,9.5,1.79,1.69,41.07,43.32,38.57,0,8,9,8
2021-09-04 17:00:00,24.46,25.04,23.99,9.8,8.9,1.84,1.71,39.68,42.54,37.27,0,8,9,8
2021-09-04 16:00:00,24.15,24.85,23.53,11.1,10.5,1.67,1.56,44.21,46.17,42.51,0,8,8,7
2021-09-04 15:00:00,23.31,24.05,22.81,10.8,10.3,1.55,1.47,45.66,47.55,43.76,0,7,8,7
2021-09-04 14:00:00,22.46,23.28,21.55,10.8,10.1,1.4,1.26,47.99,51.03,44.2,0,7,7,6
2021-09-04 13:00:00,21.56,22.12,20.88,11.4,11,1.21,1.12,52.82,55.34,49.95,0,6,6,6
2021-09-04 12:00:00,20.48,20.84,20.09,11.1,10.6,1.07,1.03,55.32,56.49,53.98,0,5,6,5
2021-09-04 11:00:00,19.54,20.06,18.73,11.5,10.5,0.9,0.67,60.11,68.68,55.32,0,5,5,4
2021-09-04 10:00:00,17.66,18.64,16.9,13,12.6,0.51,0.4,74.4,79.17,69.97,0,3,3,2
2021-09-04 09:00:00,15.41,16.85,14.24,13,12.8,0.23,0.14,86.26,91.15,80.92,0,1,2,1
2021-09-04 08:00:00,13.1,14.09,12.27,12.2,11.8,0.07,0.03,94.7,97.34,90.96,0,0,1,0
2021-09-04 07:00:00,11.98,12.29,11.75,11.6,11.5,0.01,0.01,98.21,98.83,97.34,0,0,0,0
2021-09-04 06:00:00,12.55,12.85,12.29,12,11.8,0.04,0.03,96.67,97.64,96.13,0,0,0,0
2021-09-04 05:00:00,12.83,13,12.69,12.2,12.1,0.04,0.03,96.49,97.32,95.83,0,0,0,0
2021-09-04 04:00:00,12.98,13.35,12.2,12.1,11.2,0.07,0.05,94.72,96.22,92.33,0,0,1,0
2021-09-04 03:00:00,13.93,14.41,13.35,12.4,12.2,0.14,0.1,90.93,93.22,88.47,0,1,1,1
2021-09-04 02:00:00,14.44,14.64,14.12,12.4,12.4,0.18,0.15,88.38,90.3,87.75,0,1,1,1
2021-09-04 01:00:00,15.14,15.48,14.61,12.6,12.5,0.24,0.2,85.51,87.84,84.03,0,1,2,1
2021-09-04 00:00:00,15.38,15.69,15.08,12.7,12.6,0.26,0.23,84.81,86.29,82.5,0,2,2,1
2021-09-03 23:00:00,15.63,16.57,15.06,12.9,12.7,0.27,0.23,84.41,86.63,80.25,0,2,2,1
2021-09-03 22:00:00,17.05,17.63,16.53,13.2,13.1,0.4,0.35,78.73,80.88,76.65,0,2,3,2
2021-09-03 21:00:00,17.57,18.03,17.14,13.4,13.2,0.46,0.4,76.84,79.33,73.76,0,3,3,2
2021-09-03 20:00:00,19.19,19.91,18.11,13.3,13.2,0.68,0.54,69.2,73.7,66.89,0,4,4,3
2021-09-03 19:00:00,20.22,20.63,19.94,13.3,13.2,0.82,0.77,65,66.82,63.55,0,4,4,4
2021-09-03 18:00:00,20.88,21.34,20.6,13.2,12.8,0.93,0.9,61.84,63.34,59.74,0,5,5,4
2021-09-03 17:00:00,21.42,21.73,21.04,12.8,12.4,1.05,0.98,58.43,60.56,56.35,0,5,5,5
2021-09-03 16:00:00,21.96,22.85,21.65,12.7,12.5,1.15,1.09,55.93,57.77,52.64,0,6,6,5
2021-09-03 15:00:00,22.08,22.94,21.33,12.5,11.9,1.19,1.08,54.87,57.09,52.65,0,6,6,5
2021-09-03 14:00:00,21.39,22.48,20.09,13.2,12.7,1.01,0.85,60.03,63.56,56.05,0,5,6,4
2021-09-03 13:00:00,20.11,20.69,19.37,12.5,12.1,0.88,0.78,62.06,65.54,59.16,0,4,5,4
2021-09-03 12:00:00,19.69,20.46,18.98,12.4,12.1,0.83,0.73,63.43,66.59,59.08,0,4,5,4
2021-09-03 11:00:00,18.8,19.57,18.18,12.1,11.5,0.74,0.66,65.61,68.1,61.27,0,4,4,4
2021-09-03 10:00:00,17.8,18.84,16.96,12.5,12,0.57,0.49,71.47,74.49,68.29,0,3,4,3
2021-09-03 09:00:00,16.66,17.39,15.98,12.9,12.8,0.39,0.3,79.13,83.25,75.79,0,2,3,2
2021-09-03 08:00:00,13.99,15.42,13.26,12.9,12.6,0.09,0.05,94,96.37,85.4,0,0,1,0
2021-09-03 07:00:00,13.09,13.56,12.35,12.5,12.1,0.04,0.01,96.85,99.02,95.02,0,0,0,0
2021-09-03 06:00:00,12.63,13.02,12.4,12,11.9,0.04,0.02,96.86,98.53,94.02,0,0,0,0
2021-09-03 05:00:00,13.19,13.43,12.99,12.1,12.1,0.08,0.07,93.85,94.72,93,0,0,1,0
2021-09-03 04:00:00,13.74,14.32,13.41,12.2,12.1,0.13,0.1,90.94,93.05,87.67,0,1,1,1
2021-09-03 03:00:00,14.66,14.79,14.53,12.1,12.1,0.23,0.22,85.47,86.6,84.17,0,1,2,1
2021-09-03 02:00:00,15.08,15.23,14.89,11.7,11.6,0.32,0.28,81.08,83.36,79.44,0,2,2,2
2021-09-03 01:00:00,15.44,15.58,15.27,11.6,11.5,0.37,0.35,78.29,79.35,77.12,0,2,2,2
2021-09-03 00:00:00,15.38,15.58,15.21,11.7,11.6,0.36,0.34,78.99,79.87,77.44,0,2,2,2
2021-09-02 23:00:00,15.94,16.2,15.45,11.4,11.3,0.44,0.38,75.01,78.12,73.27,0,3,3,2
2021-09-02 22:00:00,16.12,16.23,16.03,11.2,11.2,0.48,0.48,73.11,73.62,72.53,0,3,3,3
2021-09-02 21:00:00,16.72,17.14,16.34,11.2,11.1,0.55,0.51,70.46,72.33,68.88,0,3,3,3
2021-09-02 20:00:00,17.22,17.35,17.11,11.4,11.2,0.6,0.58,68.89,69.88,67.39,0,3,4,3
2021-09-02 19:00:00,17.6,17.8,17.37,11,10.8,0.68,0.64,65.54,67.39,64.07,0,4,4,4
2021-09-02 18:00:00,17.65,17.88,17.47,10.9,10.9,0.7,0.68,65.12,65.93,64.34,0,4,4,4
2021-09-02 17:00:00,17.46,18.05,17.24,10.8,10.5,0.68,0.65,65.34,66.86,63.73,0,4,4,4
2021-09-02 16:00:00,17.03,17.41,16.67,10.5,10.2,0.65,0.63,65.86,66.79,64.73,0,4,4,4
2021-09-02 15:00:00,16.76,17.37,16.2,10.2,9.9,0.65,0.58,65.58,68.26,62.09,0,4,4,3
2021-09-02 14:00:00,16.32,17.35,15.71,9.7,9.5,0.63,0.57,65.48,67.59,62.57,0,4,4,3
2021-09-02 13:00:00,15.82,16.48,15.32,9.2,8.5,0.62,0.57,65.29,67.85,63.15,0,4,4,3
2021-09-02 12:00:00,15.86,16.83,15.2,8.5,8.2,0.68,0.61,61.89,64.47,58.73,0,4,4,4
2021-09-02 11:00:00,15.34,15.84,14.78,8.5,8.1,0.62,0.56,64.15,66.9,61.78,0,4,4,3
2021-09-02 10:00:00,13.9,14.27,13.53,8.5,8.3,0.46,0.41,70.6,73.3,68.56,0,3,3,3
2021-09-02 09:00:00,13.31,13.64,12.88,8.9,8.8,0.37,0.33,75.32,77.45,73.53,0,2,3,2
2021-09-02 08:00:00,12.29,12.78,11.67,8.9,8.7,0.27,0.24,80.23,82.18,77.55,0,2,2,2
2021-09-02 07:00:00,11.55,12.03,11.23,8.5,8.5,0.23,0.2,82.37,84.37,80.03,0,2,2,1
2021-09-02 06:00:00,11.58,11.96,11.09,8.4,8.2,0.24,0.22,81.5,82.91,79.98,0,2,2,2
2021-09-02 05:00:00,11.52,11.95,10.92,7.8,7.7,0.28,0.23,78.38,82.29,75.83,0,2,2,2
2021-09-02 04:00:00,12.78,13.29,11.69,7.2,6.9,0.45,0.31,69.17,76.77,65.46,0,3,3,2
2021-09-02 03:00:00,13.51,13.79,13.21,6.6,6.4,0.56,0.52,63.32,65.74,61.18,0,4,4,3
2021-09-02 02:00:00,14.39,15.16,13.62,6.6,6.4,0.65,0.58,59.72,62.8,56.15,0,4,5,4
2021-09-02 01:00:00,15.93,16.63,15.18,5.9,5.6,0.87,0.76,51.64,55.5,48.48,0,5,6,5
2021-09-02 00:00:00,17.24,18.02,16.64,5.9,5.8,1.02,0.96,47.51,49.13,45.53,0,6,6,6
2021-09-01 23:00:00,17.07,17.92,16.27,7.5,6.2,0.89,0.74,53.7,59.91,46.52,0,5,6,4
2021-09-01 22:00:00,16,16.66,15.15,9,8.6,0.66,0.54,63.45,68.47,59.2,0,4,4,3
2021-09-01 21:00:00,17.87,19.31,17.09,8.5,7.8,0.92,0.77,54.89,60.63,47.57,0,5,6,4
2021-09-01 20:00:00,20.53,21.75,19.55,7.7,7.5,1.35,1.21,43.88,46.52,40.72,0,7,8,6
2021-09-01 19:00:00,22.49,22.95,21.84,8.4,8.1,1.61,1.52,40.66,41.72,39.24,0,8,8,8
2021-09-01 18:00:00,23.04,23.34,22.59,8,7.4,1.72,1.64,38.42,40.49,36.18,0,8,9,8
2021-09-01 17:00:00,23.05,23.48,22.69,8.4,8,1.7,1.63,39.51,41.8,38.26,0,8,8,8
2021-09-01 16:00:00,22.67,23.55,21.99,8.3,7.5,1.64,1.54,40.02,41.87,38.03,0,8,8,8
2021-09-01 15:00:00,22.26,22.79,21.7,8.5,7.8,1.56,1.45,41.53,44.49,38.52,0,8,8,7
2021-09-01 14:00:00,21.94,22.54,20.91,9.2,8.6,1.45,1.3,44.59,47.4,42.16,0,7,8,7
2021-09-01 13:00:00,21.37,21.82,20.79,9.2,8.6,1.37,1.23,45.92,49.7,43.72,0,7,7,6
2021-09-01 12:00:00,20,20.69,18.98,10.3,9.5,1.07,0.92,53.89,57.68,49.05,0,6,6,5
2021-09-01 11:00:00,18.68,19.42,17.32,10.5,9.9,0.87,0.75,59.14,61.95,55.41,0,5,5,4
2021-09-01 10:00:00,17.74,18.23,17.47,10.3,9.8,0.76,0.73,61.99,63.31,60.23,0,4,4,4
2021-09-01 09:00:00,16.73,17.37,15.89,10.5,10.1,0.62,0.49,66.96,72.43,64.19,0,4,4,3
2021-09-01 08:00:00,14.31,15.55,13.02,11,10.7,0.3,0.17,81.25,88.35,74.04,0,2,3,1
2021-09-01 07:00:00,12.14,12.97,11.74,10.8,10.6,0.11,0.07,91.91,94.65,88.19,0,1,1,0
2021-09-01 06:00:00,12.61,13.56,11.78,11.3,10.8,0.11,0.07,92.26,94.87,88.16,0,1,1,0
2021-09-01 05:00:00,13.1,13.57,12.52,11.2,11.1,0.16,0.11,89.04,92.09,86.61,0,1,1,1
2021-09-01 04:00:00,14.71,15.9,12.78,11,10.8,0.34,0.14,79.34,90.51,72.99,0,2,3,1
2021-09-01 03:00:00,16.05,16.28,15.82,11.1,11,0.48,0.46,72.84,74.29,72.01,0,3,3,3
2021-09-01 02:00:00,15.71,16.35,15.35,12,11.2,0.36,0.28,79.47,83.7,71.79,0,2,3,2
2021-09-01 01:00:00,15.7,16.35,15.18,12.4,12.2,0.33,0.28,81.13,83.41,78.08,0,2,2,2
2021-09-01 00:00:00,16.63,16.98,15.92,12.2,11.6,0.46,0.34,75.42,80.92,71.39,0,3,3,2
2021-08-31 23:00:00,17.69,18.27,17.1,11.4,11.3,0.65,0.58,67.27,69.8,64.14,0,4,4,3
2021-08-31 22:00:00,18.52,18.88,18.1,10.9,10.7,0.81,0.75,61.44,63.78,59.71,0,4,5,4
2021-08-31 21:00:00,19.96,21.02,18.7,10.6,10.1,1.04,0.84,55.14,60.65,49.94,0,5,6,4
2021-08-31 20:00:00,21.96,22.83,21.09,9.8,9.7,1.41,1.26,46.41,49.46,43.92,0,7,7,6
2021-08-31 19:00:00,23.57,24.12,22.97,9.4,9.1,1.71,1.6,40.93,42.93,39.06,0,8,8,8
2021-08-31 18:00:00,24.49,25.17,23.93,9.6,9,1.86,1.77,39.12,40.69,37.55,0,9,9,8
2021-08-31 17:00:00,24.92,25.3,24.66,9.8,9.6,1.93,1.88,38.63,39.65,37.78,0,9,9,9
2021-08-31 16:00:00,24.92,25.35,24.58,9.2,8.4,1.97,1.92,37.18,38.8,34.32,0,9,10,9
2021-08-31 15:00:00,24.57,25.12,24.18,9.2,8.4,1.9,1.77,38.1,40.98,35.29,0,9,9,8
2021-08-31 14:00:00,23.94,24.32,23.54,10.4,9.4,1.69,1.56,42.9,46.11,39.03,0,8,9,7
2021-08-31 13:00:00,23.34,24.04,22.89,12.3,11.8,1.42,1.21,50.18,56.57,46.53,0,7,7,6
2021-08-31 12:00:00,22.36,22.8,21.69,14,13.4,1.08,0.9,59.6,65.15,56.13,0,5,6,4
2021-08-31 11:00:00,21.36,22.02,20.48,13.7,12.9,0.95,0.83,62.29,66.32,57.14,0,5,5,4
2021-08-31 10:00:00,20.17,20.97,19.44,15.4,14,0.6,0.43,74.5,80.52,66.06,0,3,4,2
2021-08-31 09:00:00,18.66,19.23,18.16,16.5,16,0.25,0.18,87.79,91.26,81.97,0,1,2,1
2021-08-31 08:00:00,17.54,18.1,17.11,16.4,16.2,0.12,0.1,93.39,94.7,92.04,0,1,1,1
2021-08-31 07:00:00,16.64,17.05,16.45,15.8,15.8,0.07,0.06,95.62,96.47,94.87,0,0,0,0
2021-08-31 06:00:00,15.97,16.6,15.54,15.2,14.9,0.07,0.04,95.68,97.26,94.56,0,0,0,0
2021-08-31 05:00:00,15.55,16.54,14.65,14.9,14.3,0.06,0,96.41,99.86,93.52,0,0,1,0
2021-08-31 04:00:00,15.34,15.59,14.99,14.8,14.6,0.04,0.01,97.24,98.94,95.86,0,0,0,0
2021-08-31 03:00:00,17.14,17.94,15.88,15.3,14.9,0.2,0.09,89.2,94.49,85.28,0,1,2,0
2021-08-31 02:00:00,19.35,19.84,18.62,15.2,15.2,0.49,0.39,77.63,81.74,74.62,0,3,3,2
2021-08-31 01:00:00,20.26,20.69,19.73,15,15,0.65,0.56,72.41,75.27,70.13,0,3,4,3
2021-08-31 00:00:00,21.23,21.68,20.82,14.7,14.6,0.83,0.75,66.79,69.35,64.45,0,4,4,4
2021-08-30 23:00:00,22.12,22.56,21.52,14.6,14.5,0.99,0.88,62.6,65.62,60.65,0,5,5,4
2021-08-30 22:00:00,22.65,23.15,22.31,14.6,14.5,1.07,1.02,60.86,61.91,59.56,0,5,5,5
2021-08-30 21:00:00,23.69,24.23,23.14,14.7,14.7,1.24,1.13,57.54,60.06,55.32,0,6,6,5
2021-08-30 20:00:00,25.22,26.2,24.35,14.4,14.3,1.55,1.38,51.36,54.42,48.92,0,7,7,6
2021-08-30 19:00:00,26.68,27.05,26.23,14.5,14.1,1.83,1.73,47.44,49.16,45.35,0,8,8,7
2021-08-30 18:00:00,27.2,27.59,26.55,14.1,13.7,1.98,1.87,44.97,46.79,43.25,0,8,8,8
2021-08-30 17:00:00,27.14,28.02,26.55,13.7,13.3,2.01,1.86,43.96,46.25,41.25,0,8,9,8
2021-08-30 16:00:00,27.56,28.06,26.58,14,13.5,2.07,1.9,43.52,45.09,42.12,0,8,9,8
2021-08-30 15:00:00,27.41,28.22,26.69,13.9,12.9,2.04,1.89,43.76,45.78,40.41,0,8,9,8
2021-08-30 14:00:00,27.17,27.51,26.42,14,13.2,1.98,1.85,44.76,47.15,42.71,0,8,9,8
2021-08-30 13:00:00,26.56,27.13,26.28,13.5,13.1,1.91,1.83,44.83,46.85,42.74,0,8,8,8
2021-08-30 12:00:00,26.21,26.75,25.55,14.1,13.3,1.78,1.63,47.55,50.25,44.63,0,7,8,7
2021-08-30 11:00:00,25.31,25.93,24.8,15.6,14,1.43,1.22,55.32,61.08,49.83,0,6,7,5
2021-08-30 10:00:00,24.39,25.13,23.67,19.1,17.6,0.82,0.56,73.08,80.67,63.88,0,3,5,2
2021-08-30 09:00:00,23.36,23.97,22.76,21.2,20,0.33,0.15,88.42,94.39,80.41,0,1,2,1
2021-08-30 08:00:00,22.26,22.6,22.09,21.5,21.5,0.1,0.07,96.03,97.17,94.19,0,1,1,0
2021-08-30 07:00:00,22.39,22.51,22.18,21.9,21.6,0.05,0,97.79,100,96.42,0,0,0,0
2021-08-30 06:00:00,22.26,22.4,22.05,22.2,22,0,0,99.99,99.99,99.99,0,0,0,0
2021-08-30 05:00:00,22.27,22.54,22.05,22.2,22,0,0,99.99,99.99,99.99,0,0,0,0
2021-08-30 04:00:00,22.77,22.88,22.6,22.6,22.6,0,0,99.54,100,98.92,0,0,0,0
2021-08-30 03:00:00,22.81,22.97,22.69,22.7,22.6,0,0,99.68,100,98.92,0,0,0,0
2021-08-30 02:00:00,22.78,22.87,22.7,22.7,22.6,0,0,99.99,100,99.99,0,0,0,0
2021-08-30 01:00:00,23.14,23.34,22.95,22.9,22.9,0.02,0,98.89,100,97.89,0,0,0,0
2021-08-30 00:00:00,23.2,23.34,23.09,22.9,22.9,0.03,0.02,98.52,99.25,97.74,0,0,0,0
2021-08-29 23:00:00,23.16,23.31,23.07,22.8,22.8,0.03,0.02,98.62,99.23,98.05,0,0,0,0
2021-08-29 22:00:00,23.07,23.4,22.86,22.9,22.8,0.01,0,99.4,100,98.22,0,0,0,0
2021-08-29 21:00:00,23.94,24.27,23.54,23.1,23.1,0.11,0.06,95.85,97.84,94.27,0,1,1,0
2021-08-29 20:00:00,25.09,25.79,24.46,23.5,23.3,0.26,0.19,91.6,93.49,88.75,0,1,2,1
2021-08-29 19:00:00,26.03,26.45,25.76,23.5,23.4,0.44,0.38,86.66,88.54,83.8,0,2,2,2
2021-08-29 18:00:00,25.66,26.6,24.83,24,23.5,0.29,0.14,91.06,95.25,83.59,0,1,2,1
2021-08-29 17:00:00,23.91,24.53,23.52,23.4,23,0.06,0.05,97.53,97.94,96.85,0,0,0,0
2021-08-29 16:00:00,23.12,23.38,22.79,22.7,22.4,0.05,0.03,98.01,98.66,96.41,0,0,1,0
2021-08-29 15:00:00,22.25,22.85,21.56,21.9,21.4,0.03,0.01,98.76,99.61,97.8,0,0,0,0
2021-08-29 14:00:00,21.2,21.52,20.87,21.1,20.7,0,0,99.69,100,99.24,0,0,0,0
2021-08-29 13:00:00,20.45,20.93,20,20.3,19.9,0,0,99.76,100,99.01,0,0,0,0
2021-08-29 12:00:00,18.88,19.58,18.45,18.8,18.4,0,0,99.98,99.99,99.98,0,0,0,0
2021-08-29 11:00:00,18.38,18.44,18.3,18.3,18.2,0,0,99.98,99.99,99.98,0,0,0,0
2021-08-29 10:00:00,17.92,18.26,17.35,17.8,17.3,0,0,99.98,99.99,99.98,0,0,0,0
2021-08-29 09:00:00,17.18,17.39,17.02,17.1,17,0,0,99.98,99.98,99.98,0,0,0,0
2021-08-29 08:00:00,16.81,17.07,16.67,16.7,16.6,0,0,99.98,99.98,99.98,0,0,0,0
2021-08-29 07:00:00,16.64,16.69,16.61,16.6,16.6,0,0,99.98,99.99,99.98,0,0,0,0
2021-08-29 06:00:00,16.6,16.68,16.5,16.5,16.4,0,0,99.99,99.99,99.99,0,0,0,0
2021-08-29 05:00:00,16.44,16.49,16.38,16.3,16.3,0,0,99.99,99.99,99.99,0,0,0,0
2021-08-29 04:00:00,16.33,16.39,16.29,16.2,16.2,0,0,99.99,99.99,99.99,0,0,0,0
2021-08-29 03:00:00,16.28,16.33,16.22,16.2,16.2,0,0,99.99,99.99,99.99,0,0,0,0
2021-08-29 02:00:00,16.11,16.25,16.01,16,16,0,0,99.99,99.99,99.99,0,0,0,0
2021-08-29 01:00:00,16,16.09,15.9,15.9,15.8,0,0,99.99,99.99,99.99,0,0,0,0
2021-08-29 00:00:00,15.87,15.93,15.82,15.8,15.8,0,0,99.99,99.99,99.99,0,0,0,0
2021-08-28 23:00:00,15.93,16.01,15.84,15.8,15.8,0,0,99.99,99.99,99.99,0,0,0,0
2021-08-28 22:00:00,16.25,17.12,15.99,15.9,15.7,0.02,0,98.42,100,91.91,0,0,1,0
2021-08-28 21:00:00,17.82,18.08,17.32,15.2,15,0.3,0.2,84.99,89.56,83.26,0,2,2,1
2021-08-28 20:00:00,18.21,18.28,18.15,15.5,15.3,0.31,0.31,84.5,85.13,83.49,0,2,2,2
2021-08-28 19:00:00,18.27,18.34,18.21,15.4,15.3,0.33,0.33,83.77,84.16,83.4,0,2,2,2
2021-08-28 18:00:00,18.6,18.99,18.21,15.3,15.1,0.39,0.33,81.52,84.19,78.33,0,2,2,2
2021-08-28 17:00:00,18.97,19.16,18.83,14.9,14.6,0.48,0.46,77.51,78.73,76.25,0,3,3,2
2021-08-28 16:00:00,18.9,19.31,18.65,14.4,14.2,0.53,0.5,75.47,76.7,73.15,0,3,3,3
2021-08-28 15:00:00,18.49,19.13,17.94,13.9,13.6,0.52,0.48,75.05,76.62,73.65,0,3,3,3
2021-08-28 14:00:00,18.14,18.49,17.85,13.4,13.2,0.52,0.5,74.54,75.28,73.54,0,3,3,3
2021-08-28 13:00:00,17.96,18.47,17.6,13.3,13.1,0.51,0.47,74.8,76.63,74.03,0,3,3,3
2021-08-28 12:00:00,17.06,17.52,16.61,13.3,13,0.4,0.34,78.89,81.6,75.02,0,2,3,2
2021-08-28 11:00:00,17.03,17.49,16.67,12.3,11.2,0.49,0.39,74.42,78.96,66.87,0,3,4,2
2021-08-28 10:00:00,17.44,17.78,17.02,10.6,10.2,0.69,0.67,64.7,66.75,63.36,0,4,4,4
2021-08-28 09:00:00,16.93,17.06,16.77,9.9,9.6,0.69,0.67,63.51,64.95,62.27,0,4,4,4
2021-08-28 08:00:00,16.7,16.8,16.64,9.4,9.3,0.7,0.69,62.62,63.26,62.02,0,4,4,4
2021-08-28 07:00:00,16.81,16.92,16.73,9.6,9.4,0.71,0.67,62.68,65.06,61.55,0,4,4,4
2021-08-28 06:00:00,17.09,17.26,16.87,10.8,10.2,0.63,0.6,67.06,69.46,65.01,0,4,4,3
2021-08-28 05:00:00,17.48,17.62,17.32,11.9,11.6,0.58,0.57,70.16,71.19,68.97,0,3,3,3
2021-08-28 04:00:00,17.78,18,17.62,11.8,11.7,0.63,0.6,68.65,69.91,66.85,0,3,4,3
2021-08-28 03:00:00,17.79,17.91,17.67,11.9,11.8,0.62,0.6,68.93,70.12,67.78,0,3,4,3
2021-08-28 02:00:00,18.14,18.65,17.8,11.6,11.3,0.7,0.63,66.29,69.01,62.7,0,4,4,3
2021-08-28 01:00:00,18.72,18.86,18.61,11.3,11.3,0.8,0.78,62.43,63.34,61.61,0,4,4,4
2021-08-28 00:00:00,18.66,18.79,18.49,11.3,11.3,0.8,0.77,62.52,63.51,61.77,0,4,4,4
2021-08-27 23:00:00,18.7,18.79,18.64,11,10.8,0.83,0.81,61.14,62.08,60.33,0,4,5,4
2021-08-27 22:00:00,18.86,19.03,18.76,10.5,10.3,0.89,0.86,58.76,60.09,57.26,0,5,5,5
2021-08-27 21:00:00,19.1,19.29,18.95,10.1,10,0.96,0.93,56.29,57.39,55.23,0,5,5,5
2021-08-27 20:00:00,19.59,20.1,19.19,10.1,10,1.03,0.98,54.47,55.74,52.46,0,5,6,5
2021-08-27 19:00:00,20.55,21.17,20.17,10.1,10,1.17,1.11,51.36,52.83,49.52,0,6,6,6
2021-08-27 18:00:00,21.98,22.34,21.23,10.1,10,1.39,1.28,46.97,49.31,45.86,0,7,7,6
2021-08-27 17:00:00,22.8,23.46,22.2,9.8,9.3,1.54,1.43,44.09,46.49,42.64,0,7,8,7
2021-08-27 16:00:00,23.12,23.95,22.71,9.6,9.1,1.62,1.53,42.61,44.21,39.67,0,8,8,7
2021-08-27 15:00:00,22.59,23.35,21.98,8.8,8.5,1.59,1.49,41.73,43.43,40.49,0,8,8,7
2021-08-27 14:00:00,21.94,22.48,21.38,8.6,8.3,1.5,1.41,42.61,44.32,40.77,0,7,8,7
2021-08-27 13:00:00,21.81,22.68,21.35,10.3,8.8,1.34,1.2,48.23,52.69,44.37,0,7,7,6
2021-08-27 12:00:00,20.78,21.68,19.68,10,9.3,1.21,1.1,50.38,51.84,49,0,6,6,6
2021-08-27 11:00:00,19.67,20.25,19.27,9.9,9.6,1.05,0.99,53.75,55.55,51.36,0,5,6,5
2021-08-27 10:00:00,18.76,19.61,18.18,10.6,10.3,0.87,0.79,59.53,61.76,55.87,0,5,5,4
2021-08-27 09:00:00,18,18.49,17.45,11.6,10.8,0.68,0.58,66.71,70.6,62.52,0,4,4,3
2021-08-27 08:00:00,17.45,17.77,17.23,12.2,12,0.55,0.5,71.89,74.32,69.47,0,3,3,3
2021-08-27 07:00:00,17.59,17.79,17.42,12.8,12.5,0.52,0.44,73.89,77.47,71.62,0,3,3,2
2021-08-27 06:00:00,18.46,19.28,17.72,12.2,11.7,0.68,0.55,67.63,72.41,61.55,0,4,4,3
2021-08-27 05:00:00,19.73,20.21,19.3,11.3,11.2,0.94,0.87,58.57,60.86,56.71,0,5,5,5
2021-08-27 04:00:00,20.61,20.96,20.28,12.2,11.8,0.99,0.96,59.04,60.06,58.46,0,5,5,5
2021-08-27 03:00:00,21.36,22.07,20.8,13.1,12.5,1.02,0.91,59.58,62.81,57.66,0,5,5,4
2021-08-27 02:00:00,22.35,22.81,21.83,13.7,13.3,1.11,1.05,58.5,59.86,57.52,0,5,5,5
2021-08-27 01:00:00,23.25,23.82,22.54,14.2,14.1,1.21,1.11,57.2,59.17,55.48,0,6,6,5
2021-08-27 00:00:00,24.44,25.1,23.59,14.8,14.7,1.36,1.21,55.36,58.36,52.86,0,6,6,5
2021-08-26 23:00:00,25.21,25.6,24.65,15.9,14.6,1.38,1.13,56.87,63.25,52.09,0,6,7,5
2021-08-26 22:00:00,25.01,25.79,24.57,17.1,16.9,1.2,1.12,61.89,63.83,58.68,0,5,6,5
2021-08-26 21:00:00,26.62,27.51,25.65,17.3,17.2,1.49,1.31,57.13,59.98,53.65,0,6,7,5
2021-08-26 20:00:00,28.51,29.55,27.66,17,16.8,1.94,1.73,49.99,53.12,46.49,0,7,8,7
2021-08-26 19:00:00,30.26,30.74,29.74,16.7,16.5,2.39,2.24,44.39,46.49,42.41,0,9,9,8
2021-08-26 18:00:00,31.35,31.79,31.02,16.8,16.6,2.66,2.59,41.81,42.58,40.22,0,10,10,9
2021-08-26 17:00:00,31.93,32.43,31.67,17,16.8,2.78,2.69,41.21,42.47,39.44,0,10,10,10
2021-08-26 16:00:00,32.06,32.33,31.67,17.3,17,2.78,2.67,41.49,42.67,40.27,0,10,10,9
2021-08-26 15:00:00,31.67,32.3,30.75,17.1,16.7,2.7,2.51,41.88,43.2,40.11,0,10,10,9
2021-08-26 14:00:00,31.84,32.43,31.13,16.6,15.5,2.8,2.57,40.34,43.89,37.5,0,10,11,9
2021-08-26 13:00:00,31.25,31.9,30.7,16.8,15.8,2.62,2.23,42.38,49.37,38.53,0,9,10,8
2021-08-26 12:00:00,29.84,30.66,29,19.4,16.2,1.93,1.48,54.17,63.04,42.57,0,7,9,5
2021-08-26 11:00:00,27.92,28.55,27.11,21.8,21.6,1.14,0.96,69.61,73.08,67.21,0,4,5,4
2021-08-26 10:00:00,26.35,26.67,25.94,21.8,21.7,0.8,0.68,76.48,79.42,74.59,0,3,3,3
2021-08-26 09:00:00,25.05,25.86,23.66,22.3,21.8,0.47,0.12,85.21,95.6,78.56,0,2,3,1
2021-08-26 08:00:00,22.18,23.33,21.13,22,21.1,0,0,99.71,100,97.69,0,0,0,0
2021-08-26 07:00:00,20.72,20.97,20.53,20.6,20.5,0,0,99.99,99.99,99.99,0,0,0,0
2021-08-26 06:00:00,20.77,21.21,20.53,20.7,20.5,0,0,99.99,99.99,99.99,0,0,0,0
2021-08-26 05:00:00,21.35,22.08,20.44,21.3,20.4,0,0,99.97,100,99.76,0,0,0,0
2021-08-26 04:00:00,22.21,22.58,21.83,22,21.8,0.01,0,99.4,100,98.73,0,0,0,0
2021-08-26 03:00:00,21.85,22.17,21.65,21.6,21.5,0.02,0,99.05,99.77,97.92,0,0,0,0
2021-08-26 02:00:00,22.73,23.29,22.24,22,21.8,0.09,0.04,96.29,98.32,94.44,0,1,1,0
2021-08-26 01:00:00,23.5,23.75,23.18,22.4,22.3,0.17,0.12,93.82,95.43,92.93,0,1,1,1
2021-08-26 00:00:00,24.02,24.34,23.7,22.5,22.5,0.23,0.2,91.83,93.09,90.78,0,1,1,1
2021-08-25 23:00:00,25.23,26.02,24.49,22.9,22.7,0.4,0.31,87.37,89.89,84.25,0,2,2,1
2021-08-25 22:00:00,26.46,26.83,26.07,23.3,22.7,0.57,0.51,83.08,84.78,79.16,0,2,3,2
2021-08-25 21:00:00,27.95,28.86,26.95,21.7,21.5,1.15,0.83,69.38,76.38,65.08,0,4,5,3
2021-08-25 20:00:00,29.73,30.38,29.03,21.4,20.7,1.61,1.41,61.41,64.73,56.42,0,6,7,5
2021-08-25 19:00:00,31.04,31.94,30.46,20.5,20,2.08,1.92,53.77,55.84,49.33,0,7,8,7
2021-08-25 18:00:00,31.89,32.29,31.67,20.7,20,2.26,2.16,51.96,53.87,49.07,0,8,8,7
2021-08-25 17:00:00,31.89,32.05,31.76,19.6,18.7,2.42,2.3,48.52,51.4,45.87,0,8,9,8
2021-08-25 16:00:00,32.33,33.01,31.76,17.5,16.6,2.82,2.54,41.66,45.66,38.71,0,10,11,9
2021-08-25 15:00:00,32.66,33.29,31.98,18.3,16.7,2.81,2.54,42.94,46.9,37.32,0,10,11,9
2021-08-25 14:00:00,30.83,31.76,30.31,20,18.8,2.09,1.84,52.9,57.29,47.73,0,7,8,6
2021-08-25 13:00:00,29.53,30.41,28.98,20.3,20,1.73,1.65,57.97,59.36,56.21,0,6,7,6
2021-08-25 12:00:00,28.83,30,27.84,20.4,19.6,1.56,1.2,60.58,67.81,56.48,0,6,7,5
2021-08-25 11:00:00,27.32,28.28,26.53,21.4,20.7,1.06,0.92,70.54,74.11,65.29,0,4,5,4
2021-08-25 10:00:00,25.35,25.99,24.47,20.5,20,0.8,0.71,74.91,76.55,72.91,0,3,4,3
2021-08-25 09:00:00,22.92,24.2,22.02,20.1,19.8,0.42,0.25,84.79,90.39,77.19,0,2,3,1
2021-08-25 08:00:00,20.51,21.62,19.26,19.7,19.1,0.1,0.01,95.65,99.27,90.79,0,1,1,0
2021-08-25 07:00:00,18.41,19.07,17.96,18.3,17.9,0,0,99.98,100,99.82,0,0,0,0
2021-08-25 06:00:00,18.25,18.42,18.02,18.2,18,0,0,99.95,100,99.79,0,0,0,0
2021-08-25 05:00:00,18.35,18.6,18.15,18.1,18.1,0.01,0,99.17,100,97.92,0,0,0,0
2021-08-25 04:00:00,18.95,19.19,18.6,18.5,18.1,0.04,0.03,97.67,98.47,96.77,0,0,0,0
2021-08-25 03:00:00,19.35,19.66,18.96,19,18.7,0.02,0,98.6,99.86,96.99,0,0,0,0
2021-08-25 02:00:00,19.78,20.13,19.28,19,18.8,0.08,0.03,96.05,98.57,94.5,0,0,1,0
2021-08-25 01:00:00,20.66,21.09,20.1,19.2,19.1,0.18,0.14,92.03,94.01,90.24,0,1,1,1
2021-08-25 00:00:00,20.68,21.14,20.35,18.2,17.6,0.33,0.24,86.09,90,81.23,0,2,2,1
2021-08-24 23:00:00,21.83,22.57,20.9,17.7,17.6,0.57,0.42,77.91,82.67,74.19,0,3,3,2
2021-08-24 22:00:00,22.31,22.75,22.07,18.1,17.7,0.6,0.54,77.38,79.58,73.49,0,3,3,2
2021-08-24 21:00:00,23.69,25.1,22.4,17.9,17.6,0.85,0.59,70.67,77.89,64.68,0,4,5,3
2021-08-24 20:00:00,27.07,27.97,25.73,16.9,16.3,1.64,1.25,54.11,62.01,49.14,0,7,8,5
2021-08-24 19:00:00,28.8,29.41,28.02,16.1,15.5,2.11,1.87,46.49,50.34,43.12,0,8,9,7
2021-08-24 18:00:00,30.08,30.85,29.44,15.2,14.9,2.51,2.34,40.82,43.01,38.65,0,10,10,9
2021-08-24 17:00:00,30.76,31.23,30.3,15.4,14.9,2.66,2.57,39.8,41.11,37.52,0,10,10,10
2021-08-24 16:00:00,31.26,31.88,30.86,15.2,14.3,2.81,2.64,38.13,40.8,35.92,0,10,11,10
2021-08-24 15:00:00,31.61,32.2,31.3,15.2,14.2,2.9,2.79,37.46,39.51,35.38,0,11,11,10
2021-08-24 14:00:00,31.08,31.62,30.46,16,14.2,2.67,2.28,40.68,47.59,35.64,0,10,11,8
2021-08-24 13:00:00,29.97,30.79,29.34,18.9,17.3,2.03,1.73,52.09,57.64,45.09,0,7,9,6
2021-08-24 12:00:00,28.79,29.63,27.79,19.1,18.4,1.72,1.52,56.26,59.22,53.79,0,6,7,6
2021-08-24 11:00:00,26.31,27.42,25.5,19.7,19.4,1.11,0.95,67.31,70.88,62.15,0,4,5,4
2021-08-24 10:00:00,24.4,25.06,23.41,19.2,19.1,0.81,0.64,73.43,77.62,71,0,3,4,3
2021-08-24 09:00:00,22.44,23.36,21.65,19.4,19.1,0.44,0.32,83.45,87.58,78.11,0,2,3,2
2021-08-24 08:00:00,21.03,21.55,20.59,19.3,19.3,0.23,0.18,90.45,92.55,88.6,0,1,1,1
2021-08-24 07:00:00,20.24,20.51,20.01,19.4,19.3,0.09,0.07,95.6,96.77,93.02,0,1,1,0
2021-08-24 06:00:00,20.71,21.23,20.35,19.9,19.7,0.09,0.08,95.73,96.45,94,0,1,1,0
2021-08-24 05:00:00,21.59,21.92,21.27,21.2,20.1,0.05,0,97.87,100,92.33,0,0,1,0
2021-08-24 04:00:00,21.61,21.94,21.09,21.5,21,0,0,99.99,100,99.93,0,0,0,0
2021-08-24 03:00:00,21.28,21.96,20.95,21,20.7,0.02,0.01,98.73,99.47,97.19,0,0,0,0
2021-08-24 02:00:00,22.42,22.96,21.71,21.7,21.3,0.1,0.05,96.02,97.97,94.55,0,1,1,0
2021-08-24 01:00:00,23.05,23.45,22.71,21.9,21.8,0.18,0.12,93.47,95.64,91.68,0,1,1,1
2021-08-24 00:00:00,23.51,23.75,23.24,21.9,21.8,0.25,0.22,91.17,92.26,89.79,0,1,1,1
2021-08-23 23:00:00,23.29,23.5,23.08,21.6,21.5,0.26,0.25,90.74,91.11,90.45,0,1,1,1
2021-08-23 22:00:00,23.61,24.33,23.11,21.2,21.1,0.37,0.27,87.02,90.32,83.52,0,2,2,1
2021-08-23 21:00:00,25.18,25.62,24.7,21.5,21.3,0.62,0.53,80.42,82.74,78.54,0,3,3,2
2021-08-23 20:00:00,26.55,27.58,25.77,21.2,20.9,0.94,0.75,72.78,77.21,67.68,0,4,5,3
2021-08-23 19:00:00,27.79,28.09,27.44,20.6,20.3,1.28,1.2,65.45,67.43,63,0,5,5,5
2021-08-23 18:00:00,28.27,28.78,27.64,20.4,20.3,1.41,1.3,62.9,64.71,60.46,0,5,6,5
2021-08-23 17:00:00,28.09,28.5,27.65,20.4,20.2,1.39,1.25,63.27,66.04,61.1,0,5,6,5
2021-08-23 16:00:00,27.3,27.66,26.96,20.5,19.9,1.2,1.11,66.76,69.42,63.77,0,5,5,4
2021-08-23 15:00:00,26.54,26.78,26.34,20.4,20.2,1.06,1.02,69.22,70.36,67.6,0,4,4,4
2021-08-23 14:00:00,26.7,26.97,26.51,20.5,20.1,1.07,1,69.23,71.2,67.22,0,4,5,4
2021-08-23 13:00:00,27.04,27.83,26.53,20.8,20.6,1.09,0.98,69.15,71.66,65.56,0,4,5,4
2021-08-23 12:00:00,27.09,27.81,26.49,20.7,20.5,1.11,1.02,68.71,70.87,65.93,0,4,5,4
2021-08-23 11:00:00,26.08,27.55,24.76,20.7,20.5,0.92,0.69,72.73,77.89,67.6,0,4,5,3
2021-08-23 10:00:00,23.99,24.85,23.53,20.4,20.4,0.56,0.48,80.89,83.31,76.6,0,2,3,2
2021-08-23 09:00:00,23.33,23.75,23.06,20.2,20.1,0.47,0.44,83.27,84.37,81.31,0,2,2,2
2021-08-23 08:00:00,22.59,23.25,22.23,20,20,0.37,0.33,85.99,87.47,83.28,0,2,2,2
2021-08-23 07:00:00,22.33,22.58,22.21,20,19.9,0.34,0.33,86.91,87.55,85.78,0,2,2,2
2021-08-23 06:00:00,22.56,22.62,22.47,19.9,19.9,0.39,0.37,85.48,86.39,84.91,0,2,2,2
2021-08-23 05:00:00,22.58,22.86,22.36,19.9,19.9,0.4,0.37,85.08,86.12,84,0,2,2,2
2021-08-23 04:00:00,23.08,23.26,22.8,20.2,20,0.44,0.43,84.23,84.64,83.81,0,2,2,2
2021-08-23 03:00:00,23.8,24.16,23.33,20.6,20.4,0.51,0.45,82.59,84.21,81.39,0,2,2,2
2021-08-23 02:00:00,24.6,24.8,24.26,21,20.9,0.58,0.54,80.92,82.05,80.19,0,2,3,2
2021-08-23 01:00:00,25.48,26.13,24.87,21.3,21.1,0.71,0.62,78.05,80.14,76.27,0,3,3,3
2021-08-23 00:00:00,26.53,26.98,26.1,22.2,21.9,0.77,0.74,77.64,78.18,76.97,0,3,3,3
2021-08-22 23:00:00,26.62,27.14,25.31,22.5,22.3,0.74,0.5,78.45,84.36,75.89,0,3,3,2
2021-08-22 22:00:00,26.31,27.3,25.59,22.4,22.3,0.69,0.53,79.52,83.64,74.37,0,3,4,2
2021-08-22 21:00:00,27.94,28.66,27.33,22.1,22,1.09,0.94,70.86,73.89,67.37,0,4,5,4
2021-08-22 20:00:00,29.37,29.93,28.79,21.8,21.7,1.45,1.31,64.32,66.72,61.62,0,5,6,5
2021-08-22 19:00:00,30.56,31.15,30.08,21.4,21.1,1.82,1.66,58.38,60.92,55.91,0,6,7,6
2021-08-22 18:00:00,31.84,32.51,31.1,20,19.3,2.36,2.12,49.76,54.34,46.69,0,8,9,7
2021-08-22 17:00:00,32.29,33.07,31.78,19.6,18.7,2.54,2.43,47.33,49.98,44.36,0,9,9,8
2021-08-22 16:00:00,32.14,32.7,31.41,20,19.6,2.43,2.27,49.19,51.32,47.51,0,8,9,8
2021-08-22 15:00:00,32.01,33,30.55,20.2,19.9,2.37,1.95,50.09,55.25,47.4,0,8,9,7
2021-08-22 14:00:00,31.31,31.9,31.1,20.9,20.3,2.07,1.97,54.42,56.73,51.84,0,7,8,7
2021-08-22 13:00:00,30.41,31.19,29.91,22.1,21.6,1.66,1.45,61.49,66.07,58.55,0,6,6,5
2021-08-22 12:00:00,29.5,30.19,28.62,22.1,21.6,1.45,1.16,64.76,70.42,61.46,0,5,6,4
2021-08-22 11:00:00,28.67,29.13,28.1,22.5,22.1,1.17,1,69.94,73.59,67.12,0,4,5,4
2021-08-22 10:00:00,27.14,28.1,26.1,22.8,22.5,0.8,0.55,77.62,83.67,72.94,0,3,4,2
2021-08-22 09:00:00,24.73,26.32,23.42,22.6,22.4,0.35,0.16,88.55,94.33,81.81,0,2,2,1
2021-08-22 08:00:00,22.2,23.39,20.64,21.9,20.6,0.03,0,98.61,100,95.16,0,0,1,0
2021-08-22 07:00:00,19.93,20.24,19.47,19.8,19.4,0,0,99.99,99.99,99.99,0,0,0,0
2021-08-22 06:00:00,19.91,20.54,19.52,19.8,19.5,0,0,99.99,99.99,99.99,0,0,0,0
2021-08-22 05:00:00,20.68,20.97,20.25,20.6,20.2,0,0,99.99,100,99.99,0,0,0,0
2021-08-22 04:00:00,21.34,21.86,20.72,21.1,20.7,0.01,0,99.34,100,98.33,0,0,0,0
2021-08-22 03:00:00,21.82,21.97,21.7,21.5,21.1,0.03,0.02,98.41,99.15,96.74,0,0,0,0
2021-08-22 02:00:00,22.24,22.63,21.89,21.3,21.1,0.12,0.1,95.1,96.12,93.54,0,1,1,1
2021-08-22 01:00:00,22.78,23.42,22.2,21.6,21.5,0.17,0.09,93.61,96.48,90.43,0,1,1,0
2021-08-22 00:00:00,23.27,24.02,22.71,21.6,21.5,0.25,0.16,91.1,94.11,86.93,0,1,2,1
2021-08-21 23:00:00,24.26,25.48,23.24,21.9,21.6,0.38,0.2,87.26,92.88,79.29,0,2,3,1
2021-08-21 22:00:00,25.53,26.03,25.23,21.8,21.7,0.63,0.56,80.38,82.37,77.45,0,3,3,2
2021-08-21 21:00:00,26.51,27.71,26.04,21.8,21.6,0.82,0.74,76.02,78.02,73.41,0,3,4,3
2021-08-21 20:00:00,29.01,30.13,28.15,22.7,22.2,1.22,1.05,69.36,72.27,65.59,0,4,5,4
2021-08-21 19:00:00,30.85,31.54,30.21,22.1,21.5,1.77,1.5,60.15,64.93,56.73,0,6,7,5
2021-08-21 18:00:00,32.04,32.66,31.49,22.1,21.6,2.09,1.92,55.99,58.36,53.97,0,7,7,6
2021-08-21 17:00:00,32.42,32.97,31.64,21.1,20.4,2.35,2.12,51.55,54.42,48.91,0,8,8,7
2021-08-21 16:00:00,32.55,32.94,32.26,21.3,20.8,2.35,2.15,51.97,55.24,49.69,0,8,8,7
2021-08-21 15:00:00,32.76,33.07,32.35,22.1,21.6,2.28,2.11,53.94,56.35,52.28,0,7,8,7
2021-08-21 14:00:00,32.06,32.95,31.19,22.6,21.9,2.02,1.7,57.65,62.39,53.75,0,7,8,6
2021-08-21 13:00:00,31.6,32.41,31.03,22.7,22.3,1.87,1.69,59.56,62.41,56.72,0,6,7,6
2021-08-21 12:00:00,30.32,30.86,29.84,23,22.5,1.49,1.37,65.28,67.63,62.63,0,5,6,5
2021-08-21 11:00:00,29.05,30.33,27.54,23,22.7,1.2,0.9,70.18,75.45,65.93,0,4,5,3
2021-08-21 10:00:00,27.01,27.75,26.48,22.8,22.6,0.77,0.65,78.28,81.23,74.02,0,3,4,3
2021-08-21 09:00:00,25.38,26.25,23.91,22.5,22.3,0.48,0.23,84.94,92.2,80.78,0,2,3,1
2021-08-21 08:00:00,21.53,23.74,20.37,21.3,20.3,0.02,0,99.03,100,94.28,0,0,1,0
2021-08-21 07:00:00,19.51,20.16,19.05,19.4,19,0,0,99.99,100,99.99,0,0,0,0
2021-08-21 06:00:00,19.35,19.96,19.07,19.2,19,0,0,99.99,99.99,99.99,0,0,0,0
2021-08-21 05:00:00,19.42,19.76,19.1,19.3,19.1,0,0,99.78,100,99.18,0,0,0,0
2021-08-21 04:00:00,20.02,20.77,19.47,19.8,19.2,0,0,99.43,100,98.56,0,0,0,0
2021-08-21 03:00:00,20.7,21.03,20.48,20.4,20.1,0.02,0,98.76,100,96.5,0,0,0,0
2021-08-21 02:00:00,21.33,21.61,20.88,20.7,20.3,0.07,0.06,96.72,97.49,95.4,0,0,1,0
2021-08-21 01:00:00,21.84,22.17,21.54,21,20.9,0.11,0.07,95.39,97,93.44,0,1,1,0
2021-08-21 00:00:00,22.29,23.11,21.89,21.1,21,0.17,0.11,93.42,95.45,90.14,0,1,1,1
2021-08-20 23:00:00,23.34,23.82,22.79,21.6,21.5,0.26,0.19,90.5,93.1,87.96,0,1,2,1
2021-08-20 22:00:00,24.82,25.58,24.15,21.8,21.7,0.51,0.39,83.58,86.77,80.51,0,2,3,2
2021-08-20 21:00:00,27.03,28.2,25.64,21.5,20.8,0.99,0.64,72.3,80.48,64.55,0,4,5,3
2021-08-20 20:00:00,29.55,30.23,28.37,20.6,20.5,1.68,1.29,59.12,66.57,56.9,0,6,7,5
2021-08-20 19:00:00,31.24,31.74,30.69,20.4,20,2.14,1.97,52.84,55.2,50.77,0,7,8,7
2021-08-20 18:00:00,32.09,32.32,31.68,20.4,20.1,2.36,2.28,50.39,51.24,48.86,0,8,8,8
2021-08-20 17:00:00,32.76,33.21,32.08,20.4,19.9,2.54,2.31,48.59,51.47,46.08,0,9,9,8
2021-08-20 16:00:00,32.57,33.54,31.26,20.1,19.3,2.54,2.19,48.1,51.9,45,0,9,9,8
2021-08-20 15:00:00,32.24,32.97,31.7,20,19.5,2.46,2.22,48.81,52.35,46.87,0,8,9,8
2021-08-20 14:00:00,31.6,32.07,30.99,19.8,19.2,2.31,2.16,50.04,52.08,47.9,0,8,9,8
2021-08-20 13:00:00,30.81,31.65,29.71,20.5,19.5,2.01,1.72,54.7,59.14,49.81,0,7,8,6
2021-08-20 12:00:00,29.02,29.63,28.22,20.8,20,1.54,1.31,61.48,65.66,58.65,0,6,6,5
2021-08-20 11:00:00,26.59,28.25,24.72,21.5,20.7,0.89,0.51,74.4,83.46,63.95,0,4,5,2
2021-08-20 10:00:00,23.15,24.36,22.5,21.5,21.4,0.25,0.14,90.94,94.76,85.53,0,1,2,1
2021-08-20 09:00:00,21.68,22.54,20.74,21.2,20.7,0.06,0,97.67,100,93.57,0,0,1,0
2021-08-20 08:00:00,19.87,20.81,19.16,19.8,19.1,0,0,99.98,99.99,99.98,0,0,0,0
2021-08-20 07:00:00,19.56,19.92,19.28,19.5,19.2,0,0,99.98,99.99,99.98,0,0,0,0
2021-08-20 06:00:00,20.23,20.47,19.79,20.1,19.7,0,0,99.99,99.99,99.99,0,0,0,0
2021-08-20 05:00:00,19.77,20.21,19.49,19.7,19.4,0,0,99.98,99.99,99.98,0,0,0,0
2021-08-20 04:00:00,19.14,19.77,18.36,19,18.3,0,0,99.98,99.99,99.98,0,0,0,0
2021-08-20 03:00:00,18.63,19.12,18.23,18.5,18.2,0,0,99.99,99.99,99.99,0,0,0,0
2021-08-20 02:00:00,19.55,20.19,19.17,19.5,19.1,0,0,99.99,99.99,99.99,0,0,0,0
2021-08-20 01:00:00,20.66,21.44,20.03,20.6,20,0,0,99.89,100,99.46,0,0,0,0
2021-08-20 00:00:00,22.5,23.63,21.42,21.7,21.1,0.11,0,95.75,99.96,91.26,0,1,1,0
2021-08-19 23:00:00,22.25,23.05,21.66,21.7,21.4,0.06,0,97.55,99.66,94.6,0,0,1,0
2021-08-19 22:00:00,23.64,24.12,23.25,22.3,22.2,0.2,0.15,92.9,94.62,90.47,0,1,1,1
2021-08-19 21:00:00,24.85,25.36,24.16,22.6,22.5,0.38,0.25,87.76,91.52,84.95,0,2,2,1
2021-08-19 20:00:00,26.18,26.82,25.53,22.4,22.1,0.66,0.52,80.42,84.04,75.46,0,3,3,2
2021-08-19 19:00:00,27.62,28.71,26.76,22,21.5,1.02,0.72,72.15,79.34,67.23,0,4,5,3
2021-08-19 18:00:00,27.93,28.83,27.45,22,21.8,1.1,0.96,70.67,73.57,67.26,0,4,5,4
2021-08-19 17:00:00,27.64,27.93,27.3,22,21.6,1.03,0.91,71.98,75.1,69.79,0,4,4,3
2021-08-19 16:00:00,26.87,27.36,26.6,22.2,21.7,0.84,0.71,76.04,79.66,72.98,0,3,4,3
2021-08-19 15:00:00,27.01,27.44,26.63,22.3,21.9,0.85,0.79,75.86,77.96,73.97,0,3,4,3
2021-08-19 14:00:00,26.28,26.89,25.96,22.4,21.9,0.68,0.6,79.89,82.24,76.32,0,3,3,2
2021-08-19 13:00:00,25.83,26.28,25.37,22.6,22.4,0.57,0.52,82.63,83.99,79.63,0,2,3,2
2021-08-19 12:00:00,24.94,25.66,24.27,22.5,22.4,0.41,0.3,86.65,89.92,82.79,0,2,2,1
2021-08-19 11:00:00,23.77,24.1,23.61,22.3,22.1,0.23,0.21,91.83,92.62,90.84,0,1,1,1
2021-08-19 10:00:00,22.83,23.5,22.17,22.1,22,0.1,0,96.24,100,92.13,0,1,1,0
2021-08-19 09:00:00,21.59,22.13,21.08,21.5,21,0,0,99.98,100,99.98,0,0,0,0
2021-08-19 08:00:00,20.59,21.03,19.87,20.5,19.8,0,0,99.98,99.98,99.98,0,0,0,0
2021-08-19 07:00:00,19.39,19.75,19.14,19.3,19.1,0,0,99.98,99.98,99.98,0,0,0,0
2021-08-19 06:00:00,19.17,19.64,18.93,19.1,18.9,0,0,99.98,99.99,99.98,0,0,0,0
2021-08-19 05:00:00,19.02,19.74,18.74,18.9,18.7,0,0,99.98,99.99,99.98,0,0,0,0
2021-08-19 04:00:00,19.49,19.79,19.16,19.4,19.1,0,0,99.99,99.99,99.99,0,0,0,0
2021-08-19 03:00:00,19.77,20.1,19.41,19.7,19.4,0,0,99.99,99.99,99.99,0,0,0,0
2021-08-19 02:00:00,20.06,20.37,19.78,20,19.7,0,0,99.99,99.99,99.99,0,0,0,0
2021-08-19 01:00:00,20.49,20.87,19.93,20.4,19.9,0,0,99.99,100,99.99,0,0,0,0
2021-08-19 00:00:00,21.31,21.83,20.7,21.1,20.7,0.01,0,99.39,100,98.33,0,0,0,0
2021-08-18 23:00:00,22.21,22.86,21.65,21.8,21.4,0.05,0.03,97.84,98.74,96.96,0,0,0,0
2021-08-18 22:00:00,23.08,23.34,22.91,22.3,22.1,0.11,0.08,95.91,97.13,94.81,0,1,1,0
2021-08-18 21:00:00,24.23,25.42,23.19,22.4,22.2,0.3,0.15,89.86,94.67,83.96,0,1,2,1
2021-08-18 20:00:00,26.43,27.14,25.58,22.4,22.3,0.72,0.54,79.01,83.25,75.62,0,3,3,2
2021-08-18 19:00:00,27.57,27.98,27.1,22,21.6,1.02,0.84,72.25,76.46,68.34,0,4,4,3
2021-08-18 18:00:00,28.43,28.66,28.23,21.3,21,1.32,1.23,65.61,67.86,64,0,5,5,5
2021-08-18 17:00:00,29.16,29.71,28.67,20.9,20.5,1.55,1.44,61.49,63.79,59.2,0,6,6,5
2021-08-18 16:00:00,29.13,29.61,28.73,20.4,19.8,1.61,1.5,59.88,61.85,56.75,0,6,6,6
2021-08-18 15:00:00,28.59,29.64,27.91,21.1,20.7,1.38,1.2,64.47,68.24,58.75,0,5,6,4
2021-08-18 14:00:00,27.67,28.54,26.96,21.8,21.4,1.07,0.93,70.94,73.57,66.35,0,4,5,4
2021-08-18 13:00:00,27.26,28.28,26.06,21.9,21.4,0.98,0.69,72.95,79.42,67.45,0,4,5,3
2021-08-18 12:00:00,25.67,26.8,24.89,22.2,21.9,0.6,0.44,81.74,86.05,78.21,0,2,3,2
2021-08-18 11:00:00,25,25.76,24.42,22.3,22,0.45,0.27,85.65,91.05,82.32,0,2,2,1
2021-08-18 10:00:00,22.91,23.87,22.05,22.4,22,0.06,0,97.48,100,93.6,0,0,1,0
2021-08-18 09:00:00,21.54,21.89,21.23,21.4,21.2,0,0,99.98,99.98,99.98,0,0,0,0
2021-08-18 08:00:00,21.34,21.4,21.24,21.2,21.2,0,0,99.98,99.98,99.98,0,0,0,0
2021-08-18 07:00:00,21.16,21.27,21.08,21.1,21,0,0,99.98,99.98,99.98,0,0,0,0
2021-08-18 06:00:00,21.2,21.3,21.13,21.1,21.1,0,0,99.98,99.98,99.98,0,0,0,0
2021-08-18 05:00:00,21.2,21.27,21.16,21.1,21.1,0,0,99.98,99.98,99.98,0,0,0,0
2021-08-18 04:00:00,21.07,21.19,20.98,21,20.9,0,0,99.98,99.98,99.98,0,0,0,0
2021-08-18 03:00:00,20.92,20.99,20.81,20.8,20.8,0,0,99.98,99.99,99.98,0,0,0,0
2021-08-18 02:00:00,20.92,21.23,20.79,20.8,20.7,0,0,99.99,99.99,99.99,0,0,0,0
2021-08-18 01:00:00,21.34,21.39,21.29,21.2,21.2,0,0,99.99,99.99,99.99,0,0,0,0
2021-08-18 00:00:00,21.37,21.47,21.27,21.3,21.2,0,0,99.99,100,99.99,0,0,0,0
2021-08-17 23:00:00,21.61,21.83,21.33,21.4,21.3,0.02,0,99.06,100,98.23,0,0,0,0
2021-08-17 22:00:00,21.92,22.07,21.78,21.4,21.4,0.05,0.04,97.61,98.13,96.92,0,0,0,0
2021-08-17 21:00:00,22.06,22.13,22.01,21.4,21.4,0.08,0.08,96.5,96.79,95.7,0,0,1,0
2021-08-17 20:00:00,22.2,22.35,22.12,21.2,21.1,0.14,0.11,94.6,95.55,93.21,0,1,1,1
2021-08-17 19:00:00,22.39,22.46,22.31,21,20.9,0.2,0.18,92.27,93.1,91.85,0,1,1,1
2021-08-17 18:00:00,22.33,22.48,22.13,20.8,20.7,0.21,0.21,91.61,92.01,90.83,0,1,1,1
2021-08-17 17:00:00,22.05,22.19,21.83,20.6,20.5,0.2,0.18,92.19,92.9,91.44,0,1,1,1
2021-08-17 16:00:00,21.99,22.25,21.6,20.5,20.4,0.21,0.17,91.83,93.27,90.83,0,1,1,1
2021-08-17 15:00:00,21.79,21.99,21.52,20.2,19.9,0.22,0.17,91.04,93.27,89.02,0,1,1,1
2021-08-17 14:00:00,22.23,22.63,21.94,19.4,19,0.41,0.29,84.48,88.7,81.5,0,2,2,1
2021-08-17 13:00:00,22.38,23.42,21.45,18.8,18.5,0.51,0.41,80.79,84.25,77.14,0,2,3,2
2021-08-17 12:00:00,20.63,21.06,20.41,18.1,17.5,0.33,0.31,85.77,86.87,83.48,0,2,2,2
2021-08-17 11:00:00,19.83,20.51,19.06,16.9,16.2,0.37,0.33,83.68,85.01,82.59,0,2,2,2
2021-08-17 10:00:00,18.7,19,18.39,15.7,15.2,0.36,0.34,82.94,84.24,82.12,0,2,2,2
2021-08-17 09:00:00,17.98,18.33,17.7,14.8,14.6,0.36,0.35,82.21,82.62,81.89,0,2,2,2
2021-08-17 08:00:00,17.75,17.89,17.62,14.3,14.1,0.39,0.38,80.46,81.38,79.65,0,2,2,2
2021-08-17 07:00:00,17.11,17.64,16.76,14.3,14.2,0.3,0.26,83.91,86.05,80.37,0,2,2,1
2021-08-17 06:00:00,16.89,17.1,16.7,13.9,13.8,0.31,0.27,83.21,85.39,81.46,0,2,2,2
2021-08-17 05:00:00,16.66,16.85,16.55,14.1,13.9,0.27,0.24,85.49,87.1,82.98,0,2,2,1
2021-08-17 04:00:00,16.17,16.84,14.96,14,13.9,0.22,0.1,87.7,93.75,84.59,0,1,2,1
2021-08-17 03:00:00,14.86,15.55,14.55,13.2,13,0.16,0.1,90.27,93.53,85.98,0,1,1,1
2021-08-17 02:00:00,15.15,15.77,14.63,13,13,0.2,0.15,87.83,90.82,84.13,0,1,2,1
2021-08-17 01:00:00,15.64,16.06,15.36,13.1,12.8,0.25,0.21,85.62,87.85,82.34,0,1,2,1
2021-08-17 00:00:00,16.53,16.95,16.01,13.2,13.1,0.35,0.29,80.99,84.04,79.09,0,2,2,2
2021-08-16 23:00:00,17.31,18.03,16.8,13.3,13.3,0.43,0.37,77.73,80.55,73.93,0,2,3,2
2021-08-16 22:00:00,18.64,19.48,17.87,13.3,13.1,0.61,0.51,71.38,74.85,68.42,0,3,4,3
2021-08-16 21:00:00,20.28,20.95,19.67,12.8,12.4,0.88,0.76,62.83,66.68,58.95,0,4,5,4
2021-08-16 20:00:00,22.51,23.82,21.12,12.3,11.8,1.28,1.03,53,58.81,46.92,0,6,7,5
2021-08-16 19:00:00,25,25.65,24.09,11.6,11.1,1.78,1.59,43.52,47.23,41.1,0,8,8,7
2021-08-16 18:00:00,25.81,26.41,25.51,11.2,10.5,1.97,1.88,40.32,42.84,38.42,0,9,9,8
2021-08-16 17:00:00,26.34,26.66,26.11,10.4,9.8,2.15,2.08,36.98,38.24,35.31,0,9,10,9
2021-08-16 16:00:00,26.08,26.64,25.59,10.4,9.6,2.09,1.91,37.75,41.48,35.67,0,9,10,8
2021-08-16 15:00:00,25.74,26.19,25.13,9.8,9.3,2.08,1.93,36.88,39.49,35.8,0,9,10,9
2021-08-16 14:00:00,25.53,26.25,24.9,10.4,9.6,1.99,1.87,38.78,40.9,36.91,0,9,9,8
2021-08-16 13:00:00,24.78,25.35,24.09,10,9,1.88,1.72,39.57,42.46,36.89,0,9,9,8
2021-08-16 12:00:00,24.05,24.55,23.58,10,9.1,1.75,1.6,41.26,45.57,39.16,0,8,9,7
2021-08-16 11:00:00,23.27,23.8,22.77,10.2,9.4,1.6,1.41,43.82,48.87,40.9,0,8,8,7
2021-08-16 10:00:00,21.22,22.71,19.75,12.7,11.9,1.04,0.8,58.7,65.18,50.81,0,5,6,4
2021-08-16 09:00:00,18.11,19.74,16.12,13.5,13.1,0.52,0.31,74.9,82.69,67.68,0,3,4,2
2021-08-16 08:00:00,14.67,15.9,12.38,12.3,11.7,0.22,0.06,86.48,95.67,82.6,0,1,2,0
2021-08-16 07:00:00,10.56,11.49,10.11,9.9,9.4,0.04,0.03,96.06,97.48,95.17,0,0,0,0
2021-08-16 06:00:00,10.12,10.86,9.49,9.3,8.8,0.05,0.01,95.19,98.73,91.95,0,0,1,0
2021-08-16 05:00:00,10.85,11.75,10.17,9.9,9.6,0.07,0.03,94.18,97.26,89.09,0,0,1,0
2021-08-16 04:00:00,12.25,12.44,12.03,10,9.9,0.18,0.16,86.93,88.44,85.97,0,1,1,1
2021-08-16 03:00:00,13.02,13.72,12.43,10.1,10,0.24,0.2,83.23,85.86,78.98,0,2,2,1
2021-08-16 02:00:00,12.76,13.22,12.5,10.4,10.2,0.2,0.19,85.81,86.83,84.43,0,1,1,1
2021-08-16 01:00:00,13.33,13.68,13.07,10.8,10.7,0.22,0.19,84.88,86.86,83.1,0,1,2,1
2021-08-16 00:00:00,13.81,14.35,13.41,11,10.8,0.25,0.22,83.52,85.17,80.66,0,2,2,1
2021-08-15 23:00:00,14.84,15.45,14.28,11,10.7,0.36,0.29,78.37,81.85,73.71,0,2,3,2
2021-08-15 22:00:00,16.49,17.67,15.7,10.6,9.8,0.58,0.46,68.81,73.68,60.93,0,3,4,3
2021-08-15 21:00:00,17.62,18.97,16.12,10.5,9.9,0.73,0.47,63.54,74.12,58.62,0,4,5,3
2021-08-15 20:00:00,21.12,22.74,19.31,9.6,7.8,1.3,0.99,48.3,55.68,38.44,0,6,8,5
2021-08-15 19:00:00,23.37,23.69,22.72,7.9,7,1.79,1.68,37.27,40.24,34.37,0,9,9,8
2021-08-15 18:00:00,24.1,24.48,23.55,8.4,7.4,1.88,1.81,36.94,38.42,33.94,0,9,9,9
2021-08-15 17:00:00,24.35,24.89,23.76,8.2,7,1.94,1.84,35.98,38.03,33.54,0,9,9,9
2021-08-15 16:00:00,24.33,24.74,24.04,8.1,6.9,1.95,1.89,35.66,38.08,32.64,0,9,10,9
2021-08-15 15:00:00,23.99,24.77,22.82,6.8,5,1.98,1.89,33.4,36.71,31.63,0,9,10,9
2021-08-15 14:00:00,23.29,23.99,22.52,5.9,4.7,1.91,1.79,32.8,35.44,30.2,0,9,10,9
2021-08-15 13:00:00,22.65,23.08,21.88,6.9,5.7,1.74,1.61,36.39,39.47,32.56,0,9,9,8
2021-08-15 12:00:00,22.03,22.62,21.64,6.6,5.2,1.66,1.56,37.02,39.75,32.74,0,8,9,8
2021-08-15 11:00:00,20.7,21.6,19.87,9.2,5.5,1.25,0.98,48.56,58.34,36.66,0,6,8,5
2021-08-15 10:00:00,18.74,19.63,17.55,11.1,10.3,0.83,0.64,61.5,68.26,55.81,0,4,5,4
2021-08-15 09:00:00,16.08,17.24,14.71,11.8,11.1,0.43,0.25,76.41,85.07,67.49,0,2,4,1
2021-08-15 08:00:00,13.43,14.59,12.27,11.7,11,0.15,0.11,89.72,92.11,85.82,0,1,1,1
2021-08-15 07:00:00,11.44,11.97,11.23,10.2,10,0.09,0.08,92.49,93.48,91.72,0,1,1,0
2021-08-15 06:00:00,11.39,11.7,11.13,10.1,10,0.09,0.07,92.35,94.29,90.96,0,1,1,0
2021-08-15 05:00:00,11.85,11.96,11.7,10.5,10.3,0.1,0.09,92.33,93.09,91.36,0,1,1,1
2021-08-15 04:00:00,12.11,12.73,10.99,10.4,9.6,0.13,0.06,89.98,95.12,87.19,0,1,1,0
2021-08-15 03:00:00,11.24,12.15,10.4,10.2,9.9,0.07,0.04,93.98,96.72,89.84,0,0,1,0
2021-08-15 02:00:00,12.77,14.19,11.65,10.8,10.2,0.17,0.12,88.18,91.49,81.72,0,1,2,1
2021-08-15 01:00:00,15.08,15.98,13.97,10.5,10.1,0.43,0.29,74.63,81.47,68.5,0,3,3,2
2021-08-15 00:00:00,16.31,17.24,15.14,10.1,9.5,0.61,0.42,67.08,75.46,60.72,0,4,4,3
2021-08-14 23:00:00,16.74,17.09,16.49,10.8,10.4,0.59,0.55,68.33,70.52,65.76,0,3,4,3
2021-08-14 22:00:00,17.29,18.06,16.7,10.5,10.2,0.69,0.62,64.67,66.96,61.55,0,4,4,4
2021-08-14 21:00:00,19.25,20.5,18.3,9.7,9.3,1.01,0.85,54.47,59.21,48.79,0,5,6,5
2021-08-14 20:00:00,21.29,21.98,20.43,9.1,8.9,1.36,1.21,45.99,49.31,44.08,0,7,7,6
2021-08-14 19:00:00,22.39,22.82,21.99,8.9,8.6,1.55,1.46,42.43,44.57,40.39,0,8,8,7
2021-08-14 00:00:00,23.69,24.07,23.49,9.7,8.9,1.71,1.64,41.35,43.89,39.29,0,8,8,8
2021-08-13 23:00:00,24.41,24.59,24.24,23.4,23.4,0.15,0.13,94.87,95.61,94.08,0,1,1,1
2021-08-13 22:00:00,24.43,24.58,24.1,23.6,23.6,0.12,0.05,95.63,98.13,94.55,0,1,1,0
2021-08-13 21:00:00,24.53,25.01,24.03,23.7,23.4,0.12,0.05,95.74,98.31,93.43,0,1,1,0
2021-08-13 20:00:00,25.33,25.93,24.1,23.9,23.1,0.24,0.08,92.32,97.32,88.72,0,1,2,0
2021-08-13 19:00:00,26.73,28.69,23.97,22.5,21.7,0.78,0.08,78.31,97.24,69.84,0,3,4,0
2021-08-13 18:00:00,29.31,29.86,28.66,23.1,23,1.23,1.08,69.55,72.27,67.01,0,4,5,4
2021-08-13 17:00:00,29.93,30.32,29.61,23.1,22.8,1.38,1.28,67.1,69.31,65.17,0,5,5,4
2021-08-13 16:00:00,30.03,30.35,29.69,22.9,22.3,1.44,1.31,65.88,68.46,63.62,0,5,5,5
2021-08-13 15:00:00,29.59,30.1,28.81,23.2,22.7,1.27,1.03,69.12,73.83,65.3,0,4,5,4
2021-08-13 14:00:00,28.46,29.28,27.63,23.2,22.7,1.02,0.92,73.59,75.53,71.72,0,4,4,3
2021-08-13 13:00:00,28.07,28.58,27.62,22.9,22.6,0.98,0.9,74.05,75.56,72.49,0,4,4,3
2021-08-13 12:00:00,27.77,28.35,27.01,23.2,22.9,0.87,0.72,76.56,79.66,74.1,0,3,4,3
2021-08-13 11:00:00,26.34,27.11,25.52,23.3,23.1,0.54,0.39,83.9,87.79,79.69,0,2,3,2
2021-08-13 10:00:00,25.32,26.21,24.09,23.1,22.8,0.39,0.18,87.84,93.7,83.32,0,2,2,1
2021-08-13 09:00:00,23.18,24.07,21.96,22.7,21.9,0.07,0,97.39,100,93.62,0,0,1,0
2021-08-13 08:00:00,21.4,21.68,21.09,21.3,21,0,0,99.99,99.99,99.99,0,0,0,0
2021-08-13 00:00:00,22.06,22.43,21.76,21.4,21.2,0.08,0.05,96.56,97.79,95.26,0,0,1,0
2021-08-12 23:00:00,22.56,23.09,22.35,21.5,21.4,0.15,0.12,94.13,95.31,91.35,0,1,1,1
2021-08-12 22:00:00,23.56,25.08,22.81,21.5,21.3,0.33,0.19,88.57,93.15,79.9,0,1,3,1
2021-08-12 21:00:00,26.28,27.55,24.63,20.7,20.1,0.96,0.52,72.09,83.09,65.99,0,4,5,2
2021-08-12 20:00:00,28.53,29.1,27.68,20.4,19.9,1.48,1.22,61.98,67.14,58.57,0,5,6,5
2021-08-12 19:00:00,29.35,29.98,28.87,20.8,20.5,1.61,1.5,60.26,62.14,57.92,0,6,6,6
2021-08-12 18:00:00,29.76,30.24,29.11,21.5,21.3,1.59,1.46,61.7,63.57,60.02,0,6,6,5
2021-08-12 17:00:00,29.91,30.38,29.45,21.6,21.3,1.62,1.53,61.39,63.09,60.1,0,6,6,5
2021-08-12 16:00:00,29.49,29.87,28.92,21.9,21.7,1.47,1.34,64.17,66.24,62.05,0,5,6,5
2021-08-12 15:00:00,29.48,30.15,28.8,21.4,21.2,1.55,1.41,62.25,64.13,60.31,0,6,6,5
2021-08-12 14:00:00,28.71,29.73,28.13,21.6,20.8,1.34,1.1,65.91,70.91,61.04,0,5,6,4
2021-08-12 13:00:00,28.35,28.98,27.63,22.3,21.9,1.14,1,70.33,72.7,67.1,0,4,5,4
2021-08-12 12:00:00,26.97,27.51,26.6,22.2,22,0.86,0.77,75.73,78.1,73.75,0,3,4,3
2021-08-12 11:00:00,26.17,26.75,25.72,21.9,21.8,0.74,0.67,78.08,79.71,75.16,0,3,3,3
2021-08-12 10:00:00,25.41,25.65,24.98,21.7,21.7,0.62,0.55,80.73,82.45,79.69,0,3,3,2
2021-08-12 09:00:00,24.9,25.3,24.59,21.8,21.7,0.51,0.46,83.6,85.16,81.76,0,2,2,2
2021-08-12 08:00:00,23.59,24.35,22.89,21.7,21.5,0.3,0.22,89.43,92.11,86.53,0,1,2,1
2021-08-12 07:00:00,22.17,22.56,21.81,21.2,21.1,0.14,0.11,94.49,95.78,93.62,0,1,1,1
2021-08-12 06:00:00,22.61,22.85,22.18,21.3,21.2,0.18,0.14,93.02,94.74,92.21,0,1,1,1
2021-08-12 05:00:00,23.46,23.85,22.96,21.6,21.6,0.28,0.21,89.99,92.24,87.9,0,1,2,1
2021-08-12 04:00:00,24.15,24.28,23.92,22,21.8,0.35,0.32,88.11,89.1,87.43,0,2,2,1
2021-08-12 03:00:00,24,24.16,23.89,22.3,22.3,0.26,0.24,90.88,91.73,89.47,0,1,1,1
2021-07-25 01:00:00,19.04,19.36,18.76,18.2,18.2,0.08,0.04,95.77,97.95,93.53,0,0,1,0
2021-07-25 00:00:00,19.6,20.09,18.9,18.1,17.9,0.18,0.05,91.72,97.36,87.88,0,1,1,0
2021-07-24 23:00:00,20.82,21.2,20.25,17.5,17.2,0.44,0.32,81.72,86.45,78.57,0,2,3,2
2021-07-24 22:00:00,20.99,21.36,20.74,18.2,17.6,0.38,0.29,84.3,87.77,80.35,0,2,2,1
2021-07-24 21:00:00,22.92,23.65,21.53,16.5,16,0.9,0.46,67.91,81.71,62.3,0,4,5,2
2021-07-24 20:00:00,23.81,24.14,23.61,16.4,16.1,1.06,1.04,63.62,64.27,62.81,0,5,5,5
2021-07-24 19:00:00,24.64,24.86,24.4,15.9,15.6,1.27,1.14,58.64,62.69,56.66,0,5,6,5
2021-07-24 18:00:00,25.11,25.49,24.79,15,14.1,1.47,1.35,53.69,56.82,49.63,0,6,7,6
2021-07-24 17:00:00,25.85,26.3,25.47,13.7,12.7,1.74,1.64,47.4,49.89,44.48,0,7,8,7
2021-07-24 16:00:00,26.46,26.74,26.22,14.3,13.5,1.8,1.67,47.51,51.84,45.04,0,8,8,7
2021-07-24 15:00:00,26.38,26.64,26.09,14.9,14.1,1.72,1.61,49.59,52.93,46.49,0,7,8,7
2021-07-24 14:00:00,26.24,26.56,25.74,13.9,13,1.81,1.72,46.8,49.23,43.52,0,8,8,7
2021-07-24 13:00:00,25.68,25.98,24.99,15.4,13.5,1.53,1.34,53.36,59,46.33,0,6,8,6
2021-07-24 12:00:00,24.84,25.32,24.07,16.2,15.3,1.28,1.17,58.93,62.34,56.47,0,5,6,5
2021-07-24 11:00:00,23.98,24.4,23.33,15.4,14.6,1.21,1.11,59.13,63.12,55.82,0,5,6,5
2021-07-24 10:00:00,21.61,23.48,20.41,15.5,14.9,0.81,0.63,68.61,73.58,60.64,0,4,5,3
2021-07-24 09:00:00,19.6,20.49,18.49,16.2,15.3,0.42,0.21,81.28,90.09,72.65,0,2,3,1
2021-07-24 08:00:00,16.98,18.27,15.28,16,14.8,0.1,0.04,94.54,97.57,90.26,0,1,1,0
2021-07-24 07:00:00,14.5,15.08,13.65,14.3,13.6,0.01,0,99.12,100,98.02,0,0,0,0
2021-07-24 06:00:00,12.86,13.44,12.48,12.8,12.4,0,0,99.99,100,99.99,0,0,0,0
2021-07-24 05:00:00,12.79,13.14,12.53,12.6,12.3,0,0,99.57,100,97.23,0,0,0,0
2021-07-24 04:00:00,13.65,13.94,13.33,13,12.8,0.05,0.03,96.41,97.39,95.86,0,0,0,0
2021-07-24 03:00:00,14.15,15,13.79,13.3,13,0.07,0.03,95.22,97.5,92.07,0,0,1,0
2021-07-24 02:00:00,15.3,15.91,14.91,13.9,13.7,0.13,0.1,91.78,93.79,88.97,0,1,1,1
2021-07-24 01:00:00,16.21,16.52,15.97,14.1,14,0.21,0.16,88.07,91.14,85.87,0,1,1,1
2021-07-24 00:00:00,16.39,17.21,15.77,14.4,14.3,0.2,0.12,88.81,93.22,83.62,0,1,2,1
2021-07-23 23:00:00,17.68,18.11,17.1,14.8,14.5,0.31,0.27,84.01,85.98,80.64,0,2,2,2
2021-07-23 22:00:00,18.84,20.11,18.15,15.6,15.2,0.38,0.28,82.25,86.34,73.69,0,2,3,2
2021-07-23 21:00:00,22.1,23.59,20.4,13.8,12.6,1.07,0.68,59.82,71.23,50.15,0,5,7,3
2021-07-23 20:00:00,24.59,25.16,23.77,13,12.5,1.58,1.39,48.75,52.5,45.41,0,7,8,6
2021-07-23 19:00:00,25.2,25.98,24.58,12.7,11.8,1.72,1.49,46.09,51.52,42.51,0,8,8,7
2021-07-23 18:00:00,24.67,25.34,24.19,12,11.4,1.69,1.58,45.4,47.54,42.3,0,8,8,7
2021-07-23 17:00:00,26.08,26.7,25.11,12.2,11,1.94,1.78,42.44,45.51,39.06,0,8,9,8
2021-07-23 16:00:00,26.17,27,25.33,11.4,10.2,2.03,1.87,39.9,42.51,35.44,0,9,10,8
2021-07-23 15:00:00,25.61,26.05,25.16,11.8,10.8,1.88,1.75,42.44,45.05,38.65,0,8,9,8
2021-07-23 14:00:00,24.98,25.59,24.31,13.2,11.7,1.62,1.35,48.39,56.13,42.79,0,7,8,6
2021-07-23 13:00:00,24.04,24.34,23.53,13.9,12.9,1.38,1.25,53.37,57.14,50.4,0,6,7,6
2021-07-23 12:00:00,22.88,23.57,22.07,14.5,13.5,1.12,0.98,59.68,64.28,53.71,0,5,6,4
2021-07-23 11:00:00,21.78,22.54,21.07,15.7,14.6,0.81,0.66,68.77,73.45,63.62,0,4,4,3
2021-07-23 10:00:00,20.39,20.98,19.67,16.1,15.6,0.54,0.42,77.14,81.49,72.43,0,3,3,2
2021-07-23 09:00:00,18.38,19.24,17.55,16.1,16,0.27,0.18,87,90.75,83.05,0,1,2,1
2021-07-23 08:00:00,16.43,17.36,15.49,15.5,15.3,0.09,0.01,95.01,99.17,91.92,0,0,1,0
2021-07-23 07:00:00,14.81,15.24,14.63,14.7,14.6,0,0,99.99,100,99.99,0,0,0,0
2021-07-23 06:00:00,14.31,14.8,13.92,14.2,13.9,0,0,99.99,99.99,99.99,0,0,0,0
2021-07-23 05:00:00,14.9,15.38,14.56,14.7,14.5,0,0,99.39,100,97.76,0,0,0,0
2021-07-23 04:00:00,15.33,15.65,15.12,14.5,14.2,0.07,0.04,95.37,97.5,93.53,0,0,1,0
2021-07-23 03:00:00,15.48,15.7,15.11,14.4,14.2,0.1,0.08,93.91,95.37,93.08,0,1,1,0
2021-07-23 02:00:00,14.34,14.97,13.84,13.9,13.7,0.03,0,97.62,99.62,93.72,0,0,1,0
2021-07-23 01:00:00,14,14.63,13.41,13.7,13.4,0.02,0,98.44,100,95.55,0,0,0,0
2021-07-23 00:00:00,14.48,14.97,13.79,14.1,13.5,0.02,0,98.22,99.8,96.07,0,0,0,0
2021-07-22 23:00:00,15.7,16.75,15.11,14.3,13.5,0.13,0.04,92.08,97.44,81.5,0,1,2,0
2021-07-22 22:00:00,16.7,17.05,16.35,14,13.4,0.28,0.2,84.6,89.06,79.78,0,2,2,1
2021-07-22 21:00:00,16.86,17.22,16.39,15.5,14.3,0.14,0.08,92.36,95.89,85.74,0,1,2,0
2021-07-22 20:00:00,16.85,17.01,16.66,15.1,14.7,0.18,0.11,90.06,93.77,87.1,0,1,1,1
2021-07-22 19:00:00,20.99,22.91,16.65,13.6,12.9,0.93,0.18,64.23,90.27,53.35,0,4,6,1
2021-07-22 18:00:00,23.26,23.89,22.18,12.7,11.3,1.37,1.14,51.81,57.05,46.48,0,6,7,5
2021-07-22 17:00:00,24.14,25.41,22.46,11.9,10.8,1.6,1.25,46.96,53.88,40.08,0,7,9,6
2021-07-22 16:00:00,25.1,25.99,24.37,11.1,10.4,1.85,1.69,41.71,44.35,39.03,0,8,9,8
2021-07-22 15:00:00,25.5,25.91,24.87,11.4,10.3,1.9,1.7,41.63,45.74,38.39,0,8,9,8
2021-07-22 14:00:00,24.76,25.49,23.41,11.7,9.9,1.73,1.54,44.36,49.09,37.67,0,8,9,7
2021-07-22 13:00:00,24.25,25.17,23.84,12.1,11.1,1.6,1.5,47.02,49.51,43.21,0,7,8,7
2021-07-22 12:00:00,23.19,24.05,22.19,12.5,10.8,1.37,1.1,51.52,59.4,45.39,0,6,7,5
2021-07-22 11:00:00,21.09,21.75,20.17,13.5,13,0.94,0.76,62.21,67.48,57.84,0,5,5,4
2021-07-22 10:00:00,19.13,20.01,17.87,13.5,13.2,0.65,0.49,70.28,75.93,65.98,0,3,4,3
2021-07-22 09:00:00,17.08,18,16.18,13.2,12.9,0.41,0.33,78.53,81.9,75.05,0,2,3,2
2021-07-22 08:00:00,15.37,16.15,15.05,12.7,12.5,0.26,0.25,84.61,85.43,82.55,0,2,2,1
2021-07-22 07:00:00,14.88,15.01,14.74,12.4,12.3,0.24,0.23,85.38,86.01,84.7,0,1,2,1
2021-07-22 06:00:00,14.65,14.75,14.56,12.1,12.1,0.23,0.23,85.43,86.07,84.58,0,1,2,1
2021-07-22 05:00:00,14.92,15.23,14.59,11.9,11.7,0.29,0.23,82.59,85.62,79.55,0,2,2,1
2021-07-22 04:00:00,15.46,15.63,15.26,11.5,11.5,0.38,0.36,77.86,78.79,76.87,0,2,2,2
2021-07-22 03:00:00,15.88,16.27,15.48,11.4,11.4,0.44,0.39,75.21,77.47,72.93,0,3,3,2
2021-07-22 02:00:00,16.16,16.31,15.99,11.8,11.6,0.44,0.4,75.74,77.65,73.78,0,3,3,2
2021-07-22 01:00:00,16.37,16.82,16,12.7,12.1,0.38,0.3,79.2,83.63,75.51,0,2,3,2
2021-07-22 00:00:00,17.6,18.05,16.86,13.4,13.3,0.45,0.38,77.13,80.16,74.52,0,2,3,2
2021-07-21 23:00:00,18.27,18.73,17.83,13.7,13.5,0.52,0.45,74.97,77.89,72.25,0,3,3,2
2021-07-21 22:00:00,19.69,20.62,18.33,12.3,11.5,0.85,0.54,62.95,74.19,56.28,0,4,5,3
2021-07-21 21:00:00,21.78,22.77,20.96,11.1,10.9,1.27,1.12,51.17,54.48,47.6,0,6,7,6
2021-07-21 20:00:00,23.61,24.06,23.07,10.8,10.3,1.6,1.53,44.85,46.14,43.08,0,7,8,7
2021-07-21 19:00:00,24.29,24.65,23.61,11.3,10.8,1.68,1.53,44.25,47.18,42.77,0,8,8,7
2021-07-21 18:00:00,25.04,25.6,24.7,11.8,10.8,1.77,1.67,44.02,46.49,41.23,0,8,8,7
2021-07-21 17:00:00,24.97,25.25,24.45,12.6,12,1.69,1.55,46.41,49.28,44.66,0,7,8,7
2021-07-21 16:00:00,24.19,25.16,23.18,13.3,12,1.47,1.4,50.91,53.54,48.66,0,7,7,6
2021-07-21 15:00:00,23.48,24.33,22.66,13.5,12.2,1.33,1.12,53.9,59.69,47.72,0,6,7,5
2021-07-21 14:00:00,22.71,23.81,22.02,14.5,13.8,1.09,1.02,60.2,62.2,57.85,0,5,6,5
2021-07-21 13:00:00,22.28,23.21,21.42,14.9,14,0.98,0.88,63.35,66.87,58.61,0,5,5,4
2021-07-21 12:00:00,21.7,23,20.68,15.4,14.6,0.83,0.69,67.69,71.84,63.13,0,4,5,3
2021-06-30 10:00:00,24.71,25.76,24.29,21.9,21.2,0.46,0.33,84.92,89.18,80.8,0,2,3,1
2021-06-30 09:00:00,23.97,24.3,23.7,22.3,22.2,0.26,0.17,91.04,94.09,88.79,0,1,1,1
2021-06-30 08:00:00,23.11,23.66,22.67,22.5,22.4,0.08,0.04,96.89,98.54,94.25,0,0,1,0
2021-06-30 07:00:00,22.45,22.63,22.35,22.2,22.2,0.01,0.01,99.22,99.62,98.5,0,0,0,0
2021-06-30 06:00:00,22.42,22.47,22.35,22,22,0.04,0.03,98.19,98.63,97.83,0,0,0,0
2021-06-30 05:00:00,22.45,22.52,22.37,22.2,22.1,0.02,0.02,98.83,99.21,98.34,0,0,0,0
2021-06-30 04:00:00,22.64,22.72,22.55,22.4,22.3,0.01,0,99.12,99.93,98.65,0,0,0,0
2021-06-30 03:00:00,22.12,22.49,21.92,22,21.9,0,0,100,100,100,0,0,0,0
2021-06-30 02:00:00,21.75,21.83,21.63,21.6,21.4,0,0,99.71,100,99.13,0,0,0,0
2021-06-30 01:00:00,21.51,21.6,21.37,21.2,21.2,0.02,0,99,100,98.51,0,0,0,0
2021-06-30 00:00:00,21.43,21.53,21.37,21.3,21.3,0,0,99.98,100,99.85,0,0,0,0
2021-06-29 23:00:00,21.43,21.61,21.29,21.2,21.1,0.02,0,99.03,99.7,97.85,0,0,0,0
2021-06-29 22:00:00,21.82,22.23,21.25,21.1,20.9,0.09,0.02,96.28,98.95,94.56,0,0,1,0
2021-06-29 21:00:00,23.03,23.53,22.18,21,20.9,0.3,0.14,89.1,94.59,85.38,0,1,2,1
2021-06-29 20:00:00,24.09,24.73,23.51,20.7,20,0.54,0.41,81.73,85.61,76.41,0,2,3,2
2021-06-29 19:00:00,24.8,25.11,24.45,20.3,19.8,0.73,0.64,76.39,79.45,74.58,0,3,3,3
2021-06-29 18:00:00,23.94,24.72,23.26,20.2,19.3,0.58,0.48,80.25,83.73,76.63,0,3,3,2
2021-06-29 17:00:00,22.58,22.9,22.24,19.1,17.8,0.51,0.41,81.06,85.01,74.03,0,2,3,2
2021-06-29 16:00:00,22.13,23.4,20.82,19.6,18.7,0.36,0.16,86.11,93.25,83.04,0,2,2,1
2021-06-29 15:00:00,19.72,20.51,19.34,19.2,18.5,0.05,0,97.28,100,94.77,0,0,1,0
2021-06-29 14:00:00,20.89,23.38,19.25,19.6,18.8,0.17,0,92.97,99.88,82.38,0,1,2,0
2021-06-29 13:00:00,24.99,26.36,23.43,21,19.7,0.66,0.32,79.19,88.77,68.92,0,3,4,1
2021-06-29 12:00:00,26.84,27.48,26.49,19.9,19.3,1.19,1.08,66.12,69.21,62.58,0,5,5,4
2021-06-29 11:00:00,26.32,26.99,25.42,20,19.3,1.07,0.95,68.56,70.56,64.59,0,4,5,4
2021-06-29 10:00:00,25.13,25.68,24.51,19.9,19.4,0.85,0.75,73.11,76.28,70,0,4,4,3
2021-06-29 09:00:00,23.3,24.16,22.39,19.6,19.4,0.56,0.44,80.04,83.63,75.93,0,3,3,2
2021-06-29 08:00:00,22.02,23.42,21.38,19.4,19.3,0.37,0.27,85.83,89.1,81.31,0,2,2,1
2021-06-29 07:00:00,21.06,21.32,20.2,19.3,19.1,0.23,0.13,90.25,94.22,89.31,0,1,1,1
2021-06-29 06:00:00,20.29,20.55,20.07,19,19,0.16,0.13,92.99,94.3,91.69,0,1,1,1
2021-06-29 05:00:00,20.65,20.89,20.46,19.1,19,0.21,0.19,91.18,92,90.06,0,1,1,1
2021-06-29 04:00:00,21.59,22,20.98,19.2,19.2,0.32,0.24,87.06,90.06,85.1,0,2,2,1
2021-06-29 03:00:00,22.42,22.66,22.03,19.4,19.3,0.44,0.39,83.49,85.12,82.48,0,2,2,2
2021-06-29 02:00:00,22.96,23.56,22.44,19.5,19.5,0.51,0.42,81.52,84.3,78.57,0,2,3,2
2021-06-29 01:00:00,24.01,24.42,23.68,19.6,19.5,0.68,0.64,76.79,78.1,75.03,0,3,3,3
2021-06-29 00:00:00,24.85,25.48,24.35,19.6,19.3,0.84,0.73,72.96,75.82,68.93,0,4,4,3
2021-06-28 23:00:00,25.95,26.43,25.54,19,18.8,1.14,1.03,65.88,68.5,63.47,0,5,5,4
2021-06-28 22:00:00,27.07,27.7,26.31,18.7,18.6,1.4,1.22,60.59,64.16,58.69,0,6,6,5
2021-06-28 21:00:00,28.72,29.68,27.84,19.2,18.8,1.7,1.55,56.68,59.19,53.5,0,6,7,6
2021-06-28 20:00:00,30.35,30.76,29.71,19.2,18.7,2.09,1.89,51.58,54.5,49.53,0,8,8,7
2021-06-28 19:00:00,31.09,31.75,30.16,19.4,19,2.24,2,50.15,53.23,48.25,0,8,8,7
2021-06-28 18:00:00,31.77,32.05,31.53,19.7,19.3,2.38,2.3,49.01,50.87,47.21,0,8,9,8
2021-06-28 17:00:00,31.56,32.08,30.83,19.7,19,2.32,2.2,49.71,51.87,47.08,0,8,9,8
2021-06-28 16:00:00,31.44,32.07,30.62,19.8,19,2.28,2.16,50.31,52.75,47.27,0,8,9,7
2021-06-28 15:00:00,30.97,31.55,30.47,20.1,19.4,2.1,1.79,52.86,59.45,50.46,0,7,8,6
2021-06-28 14:00:00,29.99,30.71,28.98,21,20.6,1.73,1.52,59.04,62,55.73,0,6,7,6
2021-06-28 13:00:00,28.58,29.74,27.63,22.1,21.2,1.22,0.99,68.52,73.62,64.46,0,4,5,4
2021-06-28 12:00:00,28.19,29.51,27.02,22.2,21.4,1.12,0.82,70.61,76.91,63.99,0,4,5,3
2021-06-28 11:00:00,27.02,28.58,26.03,22.6,22.4,0.8,0.64,77.46,81.44,70.72,0,3,4,3
2021-06-28 10:00:00,25.59,26.77,24.7,22.6,22.3,0.52,0.36,84.04,88.39,78.29,0,2,3,2
2021-06-28 09:00:00,24.07,24.84,23.44,22.5,22.4,0.24,0.14,91.78,95.03,87.34,0,1,2,1
2021-06-28 08:00:00,23.48,23.68,23.18,22.4,22.2,0.15,0.1,94.39,96.43,93.27,0,1,1,1
2021-06-28 07:00:00,22.79,23.01,22.54,22.2,22.1,0.08,0.06,96.84,97.65,95.66,0,0,1,0
2021-06-28 06:00:00,22.3,22.44,22.23,22.1,22,0.01,0,99.14,99.7,98.34,0,0,0,0
2021-06-28 05:00:00,22.48,22.88,22.26,22.2,22.1,0.03,0,98.71,99.83,96.02,0,0,1,0
2021-06-28 04:00:00,23.27,23.43,22.98,22.2,22,0.16,0.12,94.22,95.81,92.36,0,1,1,1
2021-06-28 03:00:00,23.34,23.5,23.11,22.9,22.7,0.06,0.01,97.69,99.51,96.43,0,0,1,0
2021-06-28 02:00:00,23.21,23.27,23.18,23.1,23,0,0,99.62,99.76,99.35,0,0,0,0
2021-06-28 00:00:00,25.32,25.42,25.23,21.8,21.8,0.59,0.57,81.27,81.97,80.62,0,2,3,2
2021-06-27 23:00:00,25.93,26.47,25.31,21.8,21.8,0.72,0.6,78.22,81.18,75.59,0,3,3,2
2021-06-27 22:00:00,27.07,27.44,26.63,21.6,21.5,0.98,0.88,72.3,74.57,70.41,0,4,4,3
2021-06-27 21:00:00,27.89,28.14,27.39,21.5,21.4,1.17,1.05,68.6,71.06,67.67,0,4,5,4
2021-06-27 20:00:00,28.64,28.83,28.34,21.8,21.5,1.29,1.22,66.91,68.95,65.47,0,5,5,4
2021-06-27 19:00:00,28.98,29.31,28.66,22.4,22.2,1.27,1.17,68.18,70.13,66.42,0,5,5,4
2021-06-27 18:00:00,29.25,29.54,28.93,22.5,22.1,1.31,1.2,67.54,70.02,64.61,0,5,5,4
2021-06-27 17:00:00,29.8,30.36,28.4,21.7,21.4,1.57,1.11,62.49,71.21,59.7,0,6,6,4
2021-06-27 16:00:00,30.83,31.24,30.41,21.7,21.2,1.84,1.78,58.52,60.17,56.65,0,6,7,6
2021-06-27 15:00:00,30.62,31.35,29.9,21.9,21.3,1.74,1.58,60.23,62.45,58.71,0,6,6,6
2021-06-27 14:00:00,30.33,31.33,29.77,21.5,21,1.74,1.64,59.53,61.46,58.53,0,6,6,6
2021-06-27 13:00:00,29.5,29.77,29.08,20.9,20.4,1.63,1.5,60.21,63.46,58.16,0,6,6,5
2021-06-27 12:00:00,28.47,29.53,27.62,21,20.6,1.37,1.16,64.57,68.91,59.02,0,5,6,4
2021-06-27 11:00:00,27.51,27.83,26.94,20.5,20.1,1.23,1.14,66.22,69.09,64.47,0,5,5,4
2021-06-27 10:00:00,26.79,27.17,26.41,20.1,19.8,1.15,1.09,67.19,68.49,65.81,0,5,5,4
2021-06-27 09:00:00,25.68,26.4,24.71,19.8,19.7,0.97,0.8,70.38,74.2,67.96,0,4,4,3
2021-06-27 08:00:00,24.28,24.99,23.86,19.6,19.5,0.74,0.67,75.39,77.14,72.7,0,3,4,3
2021-06-27 07:00:00,23.52,24.04,23.22,19.5,19.4,0.61,0.57,78.55,79.87,75.69,0,3,3,3
2021-06-27 06:00:00,23.08,23.28,22.89,19.5,19.5,0.54,0.52,80.58,81.34,79.77,0,2,3,2
2021-06-27 05:00:00,22.77,22.94,22.61,19.5,19.5,0.48,0.44,82.46,83.79,81.26,0,2,2,2
2021-06-27 04:00:00,22.45,22.63,22.33,20,19.7,0.36,0.3,86.38,88.67,83.55,0,2,2,1
2021-06-27 03:00:00,22.21,22.34,22.13,20.8,20.4,0.2,0.16,92.13,93.91,89.72,0,1,1,1
2021-06-27 02:00:00,22.04,22.28,21.87,21.3,21.1,0.1,0.06,96.01,97.59,93.54,0,1,1,0
2021-06-27 01:00:00,22.24,22.44,22.04,21.4,21.4,0.11,0.09,95.38,96.48,94.16,0,1,1,0
2021-06-27 00:00:00,22.25,22.37,22.06,21.5,21.5,0.09,0.07,96.23,97.33,95.31,0,0,1,0
2021-06-26 23:00:00,21.78,21.98,21.64,21.3,21.3,0.05,0.04,97.88,98.25,97.53,0,0,0,0
2021-06-26 22:00:00,21.66,21.82,21.55,21.3,21.3,0.04,0.03,98.24,98.74,97.64,0,0,0,0
2021-06-26 21:00:00,21.88,22.14,21.7,21.4,21.3,0.05,0.02,97.78,99.18,95.49,0,0,1,0
2021-06-26 20:00:00,22.53,22.71,22.23,20.9,20.7,0.23,0.13,91.28,95.03,88.57,0,1,1,1
2021-06-26 19:00:00,22.76,23.33,22.48,20.8,20.5,0.29,0.22,89.12,91.88,84.4,0,1,2,1
2021-06-26 18:00:00,23.66,23.79,23.48,20.4,20.4,0.5,0.47,82.41,83.71,81.63,0,2,2,2
2021-06-26 17:00:00,23.46,23.92,23.21,20.1,20,0.51,0.48,82.19,83.12,81.71,0,2,2,2
2021-06-26 16:00:00,23.93,24.23,23.44,20.2,19.9,0.58,0.52,80.13,81.66,78.51,0,3,3,2
2021-06-26 15:00:00,24.23,24.42,24.14,20.6,20.3,0.58,0.52,80.59,82.51,79.32,0,2,3,2
2021-06-26 14:00:00,22.15,23.29,21.8,19.7,19.5,0.35,0.31,86.67,87.92,83.95,0,2,2,1
2021-06-26 13:00:00,21.32,21.71,20.68,19,18.8,0.31,0.25,87.37,89.48,86.18,0,2,2,1
2021-06-26 12:00:00,20.13,20.55,19.52,18.7,18.5,0.18,0.13,91.92,94.23,89.64,0,1,1,1
2021-06-26 11:00:00,18.91,19.39,18.57,18.1,18,0.08,0.04,95.87,97.83,93.68,0,0,1,0
2021-06-26 10:00:00,18.23,18.65,17.77,17.7,17.5,0.05,0.02,97.22,98.55,95.91,0,0,0,0
2021-06-26 09:00:00,17.35,17.73,16.99,17.2,16.9,0,0,99.58,100,98.4,0,0,0,0
2021-06-26 08:00:00,17.02,17.17,16.9,16.9,16.8,0,0,99.9,100,99.53,0,0,0,0
2021-06-26 07:00:00,17.45,17.69,17.09,17.3,17,0,0,99.43,100,98.53,0,0,0,0
2021-06-26 06:00:00,17.85,18.05,17.66,17.5,17.4,0.03,0.01,98.13,99.02,97.36,0,0,0,0
2021-06-26 05:00:00,18.29,18.54,18.04,17.6,17.6,0.07,0.05,96.36,97.49,95.16,0,0,1,0
2021-06-22 00:00:00,23.69,24.21,23.35,16.8,16.1,1,0.88,65.72,69.03,60.98,0,4,5,4
2021-06-21 23:00:00,22.28,22.89,21.4,16.9,15.2,0.73,0.57,72.27,79.53,67.33,0,3,4,3
2021-06-21 22:00:00,22.7,23.07,22.33,19.2,19,0.51,0.43,81.28,83.9,78.95,0,2,3,2
2021-06-21 21:00:00,23.71,24.28,23.13,19.2,19.1,0.69,0.61,76.32,78.35,74.85,0,3,3,3
2021-06-21 20:00:00,24.71,27.59,23.57,19.2,18.4,0.88,0.64,72.17,78.08,59.2,0,4,6,3
2021-06-21 19:00:00,28.32,28.53,27.69,18.9,18.7,1.64,1.5,57.03,59.54,55.86,0,6,6,6
2021-06-21 18:00:00,28.75,28.95,28.38,18.6,18.3,1.78,1.73,54.52,56.01,53.3,0,7,7,7
2021-06-21 17:00:00,28.66,28.9,28.21,19.4,18.1,1.65,1.45,57.66,62.38,52.66,0,6,7,5
2021-06-21 16:00:00,28.2,28.58,27.93,20.7,19.7,1.35,1.21,64.39,67.62,58.84,0,5,6,5
2021-06-21 15:00:00,27.36,28.16,26.49,21.8,21.3,1.01,0.75,72.23,78.15,66.86,0,4,5,3
2021-06-21 14:00:00,24.03,25.64,23.42,21.4,21.1,0.41,0.31,86.03,88.98,81.04,0,2,3,1
2021-06-21 13:00:00,23.55,24.32,22.46,20.5,19.9,0.48,0.25,83.46,90.51,77.57,0,2,3,1
2021-06-21 12:00:00,24.11,24.93,23.39,20.2,19.8,0.61,0.46,79.33,84,75.47,0,3,3,2
2021-06-21 11:00:00,22.34,23.17,21.93,20.2,20.1,0.31,0.23,88.26,90.89,84.53,0,1,2,1
2021-06-21 10:00:00,21.81,22.2,21.04,20.2,19.9,0.23,0.16,90.98,93.56,88.67,0,1,1,1
2021-06-20 00:00:00,27.05,27.86,26.64,12.1,11.6,2.15,2.08,39.58,40.82,37.67,0,9,10,9
2021-06-19 23:00:00,18.16,18.58,17.56,13.3,12.9,0.54,0.38,73.88,81.29,70.06,0,3,3,2
2021-06-19 22:00:00,19.78,21.65,18,12.6,11.4,0.84,0.52,63.91,74.78,52.13,0,4,6,3
2021-06-19 21:00:00,23.02,24.05,21.74,11,10.8,1.48,1.28,47.12,50.92,43.92,0,7,8,6
2021-06-19 20:00:00,24.72,25.15,24.14,10.8,10.6,1.8,1.66,41.93,45.05,40.41,0,8,8,8
2021-06-19 19:00:00,25.57,25.93,25.17,10.9,10.2,1.95,1.87,40.12,42.18,37.65,0,9,9,8
2021-06-19 18:00:00,25.88,26.17,25.62,11.4,10.6,1.97,1.9,40.55,42.28,38.31,0,9,9,8
2021-06-19 17:00:00,25.87,26.36,25.47,11.2,10.5,1.99,1.88,40.19,42.12,37.93,0,9,9,8
2021-06-19 16:00:00,25.69,26.09,25.39,11.5,11,1.93,1.82,41.26,43.68,39.59,0,8,9,8
2021-06-19 15:00:00,24.73,25.39,23.64,11.7,10.9,1.72,1.55,44.6,49.04,40.46,0,8,9,7
2021-06-19 14:00:00,24.22,25.17,23.31,12.4,11.3,1.56,1.4,47.97,50.75,43.47,0,7,8,6
2021-06-19 13:00:00,24.33,25.26,23.26,11.9,10.9,1.63,1.43,46.17,49.84,41.59,0,7,8,7
2021-06-19 12:00:00,23.69,24.39,22.75,12.4,11.8,1.47,1.34,49.48,51.38,47.28,0,7,7,6
2021-06-19 11:00:00,23.09,24.03,22.55,12.8,12.1,1.33,1.22,52.52,55.44,48.52,0,6,7,6
2021-06-19 10:00:00,22,22.5,21.42,13.1,12.5,1.12,0.91,57.47,64.13,53.59,0,5,6,4
2021-06-19 09:00:00,20.53,21.22,19.83,14.3,13.7,0.77,0.62,68.01,73.13,63.7,0,4,4,3
2021-06-19 08:00:00,18.58,19.76,17.05,15.8,14.9,0.32,0.05,84.83,97.28,73.59,0,2,3,0
2021-06-19 07:00:00,16.13,16.83,15.6,16,15.5,0,0,99.85,100,98.56,0,0,0,0
2021-06-19 06:00:00,14.73,15.54,14.19,14.6,14.1,0,0,99.98,99.99,99.98,0,0,0,0
2021-06-19 05:00:00,15.18,15.4,14.9,15.1,14.8,0,0,99.98,99.99,99.98,0,0,0,0
2021-06-19 04:00:00,15.82,16.01,15.41,15.7,15.4,0,0,99.99,99.99,99.99,0,0,0,0
2021-06-19 03:00:00,16.18,16.55,15.92,16.1,15.9,0,0,99.99,99.99,99.99,0,0,0,0
2021-06-19 02:00:00,16.55,16.77,16.37,16.4,16.3,0,0,99.71,100,98.37,0,0,0,0
2021-06-19 01:00:00,17,17.19,16.87,16.6,16.5,0.03,0.02,97.84,98.62,96.44,0,0,0,0
2021-06-19 00:00:00,17.7,17.83,17.45,17.3,16.9,0.03,0,97.96,99.67,96.2,0,0,0,0
2021-06-18 23:00:00,17.36,17.82,17.22,17.3,17.2,0,0,99.96,100,99.72,0,0,0,0
2021-06-18 22:00:00,17.27,17.35,17.19,17.2,17.1,0,0,100,100,100,0,0,0,0
2021-06-18 21:00:00,17.31,17.44,17.21,17.2,17.2,0,0,99.65,100,98.86,0,0,0,0
2021-06-18 20:00:00,17.58,17.79,17.48,17.2,17.2,0.03,0.02,98.09,99,96.71,0,0,0,0
2021-06-18 19:00:00,17.77,17.85,17.67,17.3,17.2,0.03,0.01,97.88,99.43,96.51,0,0,0,0
2021-06-18 18:00:00,17.82,17.96,17.65,17.7,17.5,0,0,99.94,100,99.6,0,0,0,0
2021-06-18 17:00:00,17.59,17.8,17.29,17.5,17.2,0,0,99.94,100,99.61,0,0,0,0
2021-06-18 16:00:00,17.26,17.64,17.03,17.1,17,0.01,0,99.36,100,96.41,0,0,0,0
2021-06-18 15:00:00,17.8,17.93,17.7,16.3,15.7,0.16,0.09,91.62,95.33,87.39,0,1,1,0
2021-06-18 14:00:00,19.04,19.51,18.11,14,13.1,0.58,0.28,73.4,86.06,66.61,0,3,4,2
2021-06-18 13:00:00,19.6,20.08,19.15,12.1,11.4,0.85,0.75,62.46,66.11,58.34,0,4,5,4
2021-06-18 12:00:00,20.58,21.59,20.04,12,11.7,1,0.93,58.28,60.86,54.26,0,5,6,5
2021-06-18 11:00:00,18.54,20.16,17.21,13,12.3,0.62,0.42,70.98,78.55,63.03,0,3,4,2
2021-06-18 10:00:00,18.09,18.75,17.18,11.7,10.6,0.68,0.45,67.17,76.86,59.35,0,4,5,3
2021-06-18 09:00:00,18.12,19.19,17.55,10.1,9.8,0.83,0.78,59.83,61.36,56.99,0,5,5,4
2021-06-18 08:00:00,17.15,17.51,16.74,9.8,9.6,0.73,0.7,62.29,63.24,60.86,0,4,4,4
2021-06-18 07:00:00,15.92,16.8,14.84,9.3,8.9,0.62,0.54,65.18,67.73,62.99,0,4,4,3
2021-06-18 06:00:00,13.94,14.66,13.03,8.7,8.6,0.45,0.37,71,74.77,68.13,0,3,3,2
2021-06-18 05:00:00,13.1,13.32,12.78,7.6,6.8,0.45,0.35,69.91,75.81,65.55,0,3,3,2
2021-06-18 04:00:00,14.01,15.2,13.2,6.3,5.4,0.63,0.53,60.02,64.97,52.13,0,4,5,3
2021-06-18 03:00:00,16.07,16.5,15.6,5.2,5.1,0.93,0.87,48.65,50.37,47.48,0,6,6,5
2021-06-18 02:00:00,16.26,16.48,16.02,5.5,5.3,0.93,0.9,49.21,50.04,47.79,0,6,6,5
2021-06-18 01:00:00,17.13,17.71,16.53,6,5.8,1,0.95,48.13,49.29,47.49,0,6,6,6
2021-06-18 00:00:00,17.92,18.07,17.83,6.7,6.4,1.06,1.03,48.12,49.82,46.7,0,6,6,6
2021-06-17 23:00:00,18.35,19.05,18.03,7.8,7.5,1.04,1,50.38,51.5,48.72,0,6,6,6
2021-06-17 22:00:00,19.79,20.43,19.28,7.9,7.7,1.23,1.16,46.35,47.95,43.93,0,6,7,6
2021-06-17 21:00:00,21.61,22.67,20.57,7.7,7.5,1.52,1.37,40.98,43.25,39.13,0,8,8,7
2021-06-17 20:00:00,23.83,24.59,22.91,8.1,8,1.85,1.7,36.93,39.03,35.03,0,9,9,8
2021-06-17 19:00:00,26.31,26.68,25.95,3.1,2.1,2.64,2.37,22.53,29.02,20.92,0,12,13,11
2021-06-17 18:00:00,26.59,26.94,26.26,2.8,2,2.72,2.67,21.67,22.65,20.74,0,13,13,12
2021-06-17 17:00:00,26.31,26.68,26.02,2.1,0.9,2.7,2.63,20.98,21.99,19.23,0,13,13,12
2021-06-17 16:00:00,25.89,26.4,25.35,1.5,0.9,2.64,2.53,20.6,23.66,19.48,0,13,13,12
2021-06-17 15:00:00,25.05,25.82,24.5,1,0,2.5,2.38,20.94,22.78,19.22,0,12,13,12
2021-06-17 14:00:00,24.04,24.74,23.41,1.4,-0.5,2.3,2.13,22.91,25.85,18.83,0,11,12,11
2021-06-17 13:00:00,22.94,23.66,22.06,2.6,1.6,2.05,1.88,26.48,28.9,24.78,0,10,11,10
2021-06-17 12:00:00,22.07,22.56,21.39,3.4,2.4,1.86,1.75,29.6,31.43,27.48,0,10,10,9
2021-06-17 00:00:00,14.24,14.74,13.86,3.9,3.8,0.8,0.76,50.29,51.7,48.33,0,5,5,5
2021-06-16 23:00:00,15.33,16.2,14.36,3.5,3.3,0.94,0.83,45.58,49.18,42.31,0,6,6,5
2021-06-16 22:00:00,16.74,17.39,16.01,3,2.8,1.14,1.03,39.94,42.91,37.68,0,7,7,6
2021-06-16 21:00:00,18.84,19.99,17.59,2.7,2.4,1.42,1.26,34.33,37.02,31.82,0,8,9,7
2021-06-16 20:00:00,20.32,20.74,20.04,2.1,1.6,1.66,1.59,30.14,31.73,29.01,0,9,9,9
2021-06-16 19:00:00,20.95,21.34,20.34,1.9,1.4,1.76,1.67,28.47,29.75,27.34,0,9,10,9
2021-06-16 18:00:00,21.31,21.95,20.34,2.3,1.9,1.8,1.68,28.66,30.6,27.34,0,10,10,9
2021-06-16 17:00:00,21.18,22.13,20.54,3.8,3.2,1.7,1.6,32.19,34.32,31,0,9,9,8
2021-06-16 16:00:00,20.52,21.07,19.75,4.3,3.6,1.57,1.46,34.73,36.46,33.07,0,8,9,8
2021-06-16 15:00:00,20.05,21.06,18.82,4.5,4,1.49,1.34,36.34,38.42,32.67,0,8,9,7
2021-06-16 14:00:00,19.55,20.1,18.77,4.3,3.7,1.43,1.33,36.8,39.04,34.98,0,8,8,7
2021-06-16 13:00:00,18.65,19.32,17.93,5.3,4.8,1.24,1.15,41.92,44.14,39.65,0,7,7,6
2021-06-16 12:00:00,17.18,18.1,16.41,5.2,4.9,1.06,0.98,45.42,47.17,42.54,0,6,7,6
2021-06-16 11:00:00,15.54,16.38,14.78,4.9,4.4,0.88,0.82,49.52,51.43,47.45,0,5,6,5
2021-06-16 10:00:00,14,14.63,13.23,4.5,4.3,0.74,0.68,53.11,55.3,50.8,0,5,5,4
2021-06-16 09:00:00,12.93,13.21,12.62,4.7,3.8,0.62,0.56,57.64,61.92,55.24,0,4,4,4
2021-06-16 08:00:00,12.35,12.76,12.1,4,3.5,0.61,0.57,57.01,59.15,54.98,0,4,4,4
2021-06-16 07:00:00,11.74,12.16,11.3,4.6,4.5,0.51,0.47,62.14,64.18,60.05,0,4,4,3
2021-06-16 06:00:00,10.93,11.27,10.68,4.5,4.3,0.45,0.43,64.74,66.55,62.66,0,3,3,3
2021-06-16 05:00:00,11.62,11.88,11.38,4.2,4,0.53,0.51,60.61,62.1,59.03,0,4,4,4
2021-06-16 04:00:00,11.78,12.05,11.58,4.2,4.1,0.54,0.53,59.92,61.2,58.64,0,4,4,4
2021-06-16 03:00:00,12.11,13.18,11.04,3.8,3.6,0.59,0.48,57.39,62.85,52.53,0,4,5,3
2021-06-16 02:00:00,13.31,13.91,12.76,3.3,3,0.74,0.68,51.03,53.46,47.82,0,5,5,5
2021-06-16 01:00:00,14.31,14.77,13.85,2.6,2.3,0.88,0.82,45.57,47.77,43.05,0,6,6,5
2021-06-16 00:00:00,15.31,15.85,14.66,1.9,1.8,1.02,0.94,40.76,43.42,38.84,0,6,7,6
2021-06-15 23:00:00,16.46,17.04,15.92,2.1,1.8,1.15,1.1,38.18,38.85,36.64,0,7,7,7
2021-06-15 22:00:00,17.81,18.54,17.18,1.5,1.1,1.34,1.25,33.67,36.07,31.17,0,8,8,7
2021-06-15 21:00:00,19.66,20.64,18.69,0.8,0.4,1.63,1.47,28.54,31.42,26.61,0,9,10,8
2021-06-15 20:00:00,21.38,21.9,20.75,0.7,0.2,1.89,1.79,25.5,26.8,24.56,0,10,10,10
2021-06-15 19:00:00,22.61,23.14,22.03,1.6,0.4,2.04,1.96,25.2,26.2,22.93,0,11,11,10
2021-06-15 18:00:00,23.13,23.47,22.6,5.2,2.1,1.92,1.74,31.8,39.49,25.12,0,9,11,8
2021-06-15 17:00:00,22.36,23.15,21.52,8,7.4,1.61,1.43,40.15,44.29,37.6,0,8,8,7
2021-06-15 16:00:00,20.15,21.66,18.3,12.2,8.8,0.92,0.57,61.15,74.22,43.82,0,5,7,3
2021-06-15 15:00:00,16.36,18.61,15.63,12.9,11.9,0.36,0.24,80.46,86.12,72.82,0,2,3,1
2021-06-15 14:00:00,16.57,17.12,16.11,11.6,11.1,0.51,0.4,72.7,77.65,68.58,0,3,3,2
2021-06-15 13:00:00,15.34,16.16,14.64,11.6,11,0.36,0.29,78.73,82.23,72.75,0,2,3,2
2021-06-15 12:00:00,13.63,14.8,12.99,11.9,11.3,0.15,0.06,89.86,95.55,80.31,0,1,2,0
2021-06-15 11:00:00,15.29,16.33,14.4,13.5,13,0.17,0.09,89.92,94.13,85.09,0,1,2,0
2021-06-15 10:00:00,16.78,17.32,16.31,15.1,14.2,0.17,0.13,90.48,92.87,87.46,0,1,1,1
2021-06-15 09:00:00,17.57,17.72,17.31,16.2,16,0.15,0.1,92.2,94.92,90.38,0,1,1,1
2021-06-15 08:00:00,16.92,17.24,16.55,16.4,16.3,0.05,0.01,97.06,99.39,94.67,0,0,1,0
2021-06-15 07:00:00,16.09,16.56,15.79,16,15.7,0,0,99.99,100,99.99,0,0,0,0
2021-06-15 06:00:00,15.58,15.74,15.46,15.5,15.4,0,0,99.99,99.99,99.99,0,0,0,0
2021-06-15 05:00:00,15.68,15.89,15.59,15.6,15.5,0,0,99.99,99.99,99.99,0,0,0,0
2021-06-15 04:00:00,16.2,16.42,16.01,16.1,16,0,0,99.98,99.99,99.98,0,0,0,0
2021-06-15 00:00:00,17.16,17.33,16.94,17,16.9,0,0,99.45,100,98.87,0,0,0,0
2021-06-14 23:00:00,17.57,17.66,17.41,17.3,17.2,0.01,0,98.93,99.83,97.43,0,0,0,0
2021-06-14 22:00:00,17.49,17.74,17.3,17.2,17.2,0.02,0,98.74,100,97.1,0,0,0,0
2021-06-14 21:00:00,17.48,17.62,17.34,17,16.8,0.03,0.01,97.79,99.44,95.43,0,0,0,0
2021-06-14 20:00:00,17.85,18.02,17.68,16.5,16.1,0.14,0.07,92.61,96.07,88.65,0,1,1,0
2021-06-14 19:00:00,18.5,19.22,18.06,16.3,16,0.25,0.17,87.82,91.8,82.32,0,1,2,1
2021-06-14 18:00:00,19.57,20.06,18.88,16.8,15.5,0.34,0.2,84.61,90.67,78.42,0,2,2,1
2021-06-14 17:00:00,19.03,19.46,18.76,17.9,16.7,0.13,0.02,93.69,98.9,87.16,0,1,1,0
2021-06-14 16:00:00,19.57,20.26,19.11,18.5,18,0.12,0.03,94.41,98.4,88.17,0,1,1,0
2021-06-14 15:00:00,21.57,21.95,20.89,16.9,16.7,0.62,0.43,75.38,82.33,72.77,0,3,3,2
2021-06-14 14:00:00,22.38,22.89,21.87,16.8,16.5,0.77,0.7,71.22,72.99,69.86,0,4,4,3
2021-06-14 13:00:00,22.62,23.3,22.1,17.2,16.9,0.76,0.65,71.82,75.24,69.46,0,3,4,3
2021-06-14 12:00:00,22.15,22.45,21.63,16.9,16.4,0.72,0.6,72.65,76.53,69.84,0,3,4,3
2021-06-14 11:00:00,20.8,21.56,19.94,17.3,16.9,0.46,0.34,80.82,85.22,75.13,0,2,3,2
2021-06-14 10:00:00,19.69,19.99,19.49,17,16.8,0.33,0.3,85.04,86.59,83.3,0,2,2,2
2021-06-14 09:00:00,19.14,20.51,18.33,16.3,15.6,0.35,0.26,83.94,87.74,78.52,0,2,2,1
2021-06-14 08:00:00,19.22,20.03,18.03,16,15.7,0.39,0.2,82.31,89.87,76.86,0,2,3,1
2021-06-14 07:00:00,17.7,17.83,17.6,16.6,16.4,0.12,0.11,93.57,94.15,91.61,0,1,1,1
2021-06-14 00:00:00,20.5,21.28,18.71,13.9,12.7,0.8,0.19,66.92,90.91,58.41,0,4,5,1
2021-06-13 23:00:00,21.18,22.24,20.1,12.8,12.5,1.02,0.84,59.06,64.22,54.99,0,5,6,4
2021-06-13 22:00:00,22.72,23.55,22.06,12.6,12.4,1.28,1.15,53.3,56.32,49.7,0,6,7,5
2021-06-13 21:00:00,24.17,25.1,23.14,12.7,12.1,1.53,1.28,49.02,54.96,45.87,0,7,8,6
2021-06-13 20:00:00,25.82,26.34,25.25,12.5,12.4,1.86,1.75,43.83,45.43,42.15,0,8,8,8
2021-06-13 19:00:00,26.35,26.51,26.25,12.5,12.1,1.96,1.92,42.57,43.65,41.18,0,8,9,8
2021-06-13 18:00:00,26.81,27.13,26.5,12.7,12.1,2.04,1.97,41.98,43.39,40.51,0,9,9,8
2021-06-13 17:00:00,27.2,27.55,26.84,11.9,11.5,2.2,2.07,38.87,41.43,37.24,0,9,10,9
2021-06-13 16:00:00,27.61,27.95,27.32,11.2,10.8,2.34,2.28,36.3,37.34,35.16,0,10,10,10
2021-06-13 15:00:00,27.99,29.26,27,10.7,10.4,2.48,2.28,34.33,35.77,31.96,0,10,11,10
2021-06-13 14:00:00,27.74,28.77,27.04,10.3,9.9,2.46,2.3,33.83,36.4,31.35,0,10,11,10
2021-06-13 13:00:00,27.48,28.28,26.32,9.6,9.3,2.46,2.24,32.8,34.6,31.1,0,10,11,10
2021-06-13 12:00:00,26.34,26.95,25.54,9.1,8.5,2.26,2.15,33.84,35.57,32.44,0,10,10,10
2021-06-13 11:00:00,24.91,25.86,23.71,9.1,7.7,1.97,1.72,37.16,41.08,31.8,0,9,10,8
2021-06-13 10:00:00,21.85,24.31,20.03,9.6,8.2,1.41,1.1,46.27,52.67,40.44,0,7,8,6
2021-06-13 09:00:00,18.51,19.85,17.91,10.8,10.6,0.82,0.72,61.32,64.63,56.56,0,4,5,4
2021-06-13 08:00:00,16.91,17.8,15.11,11,10.4,0.6,0.44,68.72,73.91,65.84,0,3,4,3
2021-06-13 07:00:00,14.77,15.14,14.43,9.6,8.6,0.47,0.42,71.52,74.74,68.23,0,3,3,3
2021-06-13 06:00:00,13.98,14.35,13.41,8.5,8.3,0.47,0.42,70.11,72.53,68.18,0,3,3,3
2021-06-13 05:00:00,12.7,13.88,12.06,8,7.8,0.38,0.31,73.74,77.57,68.95,0,3,3,2
2021-06-13 04:00:00,13.1,13.56,12.28,7.7,7.6,0.44,0.37,70.28,73.98,67.88,0,3,3,2
2021-06-13 03:00:00,13.2,13.99,12.68,7.6,7.4,0.46,0.4,69.17,72.43,64.99,0,3,4,3
2021-06-13 02:00:00,15,15.62,14.3,7.3,7.1,0.67,0.6,60.33,63.11,58.45,0,4,4,4
2021-06-13 01:00:00,15.65,16.94,14.82,7.2,6.8,0.75,0.64,57.81,61.95,51.28,0,4,5,4
2021-06-13 00:00:00,17.24,18.08,16.53,8.2,7.7,0.86,0.76,55.74,59.55,52.62,0,5,5,4
2021-06-12 23:00:00,18.7,19.98,17.47,8.1,7.9,1.06,0.89,50.51,55.18,45.8,0,6,7,5
2021-06-12 22:00:00,21.22,22.14,19.91,7.2,6.9,1.49,1.26,40.66,45.85,37.55,0,8,8,7
2021-06-12 21:00:00,23.05,23.73,22.37,6.4,5.1,1.84,1.66,34.51,38.31,30,0,9,10,8
2021-06-12 20:00:00,24.27,24.69,23.86,3.8,3.4,2.21,2.09,26.75,29.3,25.26,0,11,11,10
2021-06-12 19:00:00,25.1,25.38,24.76,2.6,1,2.43,2.34,23.35,24.91,20.41,0,12,12,11
2021-06-12 18:00:00,25.91,26.24,25.49,0.7,-0.4,2.69,2.6,19.31,21.78,17.37,0,13,13,12
2021-06-12 17:00:00,26.87,27.24,26.36,1,0.1,2.87,2.75,18.73,19.74,17.87,0,13,14,13
2021-06-12 16:00:00,26.53,27.21,26.09,1.8,1,2.76,2.68,20.16,21.07,18.45,0,13,13,13
2021-06-12 15:00:00,26.33,26.86,25.84,2,1.2,2.71,2.6,20.76,21.64,19.73,0,13,13,12
2021-06-12 14:00:00,25.64,26.51,25.12,1,-0.3,2.62,2.58,20.07,22.3,18.68,0,13,13,12
2021-06-12 13:00:00,25.06,25.58,24.51,2,0.7,2.45,2.35,22.51,25.35,20.4,0,12,12,11
2021-06-12 12:00:00,24.66,25.05,24.04,2.1,1.7,2.38,2.28,23.13,24.19,22.3,0,12,12,11